Type,Username,Date,Text,Link,Reply_Count;;
"POST,BiandaDanu,Wed Feb 11 09:25:24 +0000 2026,""@chessckck Tutup akun sekarang. Data lengkap, bukti siap proses UU ITE. Jangan tunggu polisi jemput.  NAMA : CATUR PRASETYO JENIS KELAMIN : Laki-Laki TTL : CILACAP, 23-09-2001 ALAMAT : KARANGTENGAH LOR, RT003/RW004, KARANGREJA, CIMANGGU, CILACAP, JAWA TENGAH 083824339346"",https://x.com/BiandaDanu/status/2021515906166534152,0";;
"POST,kumparan,Wed Feb 11 08:15:00 +0000 2026,""MM (22), pemuda asal Kecamatan Japah, Kabupaten Blora, Jawa Tengah, melapor ke polisi usai digerebek karena kepergok berduaan dengan istri orang di Desa Srigading, Kecamatan Ngawen, Blora. Bagaimana kronologinya? Simak selengkapnya dalam infografis berikut.  📸: Dok. Istimewa, https://t.co/vnt64eMlQA"",https://x.com/kumparan/status/2021498187962515787,1";;
"POST,madokafc1,Tue Feb 10 12:00:07 +0000 2026,""@cakrawalasenj4 Jakarta kalo logis ga bakalan milih Banteng sih, Jawa Tengah aja lebih milih polisi daripada Banteng lho 🤣🤣🤣"",https://x.com/madokafc1/status/2021192452070379854,2";;
"POST,padureso_polsek,Tue Feb 10 11:46:31 +0000 2026,""Kehadiran polisi di jalan raya bukan semata untuk mengawasi, tetapi juga menyapa dan memastikan keselamatan para pengguna jalan. Hal itu tergambar dalam kegiatan Satgas Pengawalan dan Patroli (Pamwal) Operasi Keselamatan Candi 2026 yang dilaksanakan Unit PJR Polda Jawa Tengah. https://t.co/ZN4akjv7DO"",https://x.com/padureso_polsek/status/2021189028813365581,0";;
"POST,Gtid_news,Tue Feb 10 10:00:00 +0000 2026,""Viral mobil Satuan Pelayanan Pemenuhan Gizi menabrak pagar SDN Clapar di Kecamatan Karanggayam, Kebumen, Jawa Tengah, Jumat 6 Februari 2026. Polisi menyebut sopir berinisial ASW mengemudi ugal-ugalan hingga ban pecah dan tetap melaju. Saat warga mencoba menolong, sopir justru https://t.co/8vgeJhu48m"",https://x.com/Gtid_news/status/2021162226133106999,0";;
"POST,PolairJateng,Tue Feb 10 09:36:07 +0000 2026,""Kapal Polisi IX - 1015 Dari para nelayan  Mengucapkan terima kasih sudah sambang kepada nelayan memberikan himbauan dan arahan, hal ini sebagai bentuk perhatian dan kepedulian yang dilakukan oleh personil Kapal Polisi IX-1015 Dit PolAirud Polda Jateng, harapannya PolAirud Polda https://t.co/oFMxfaF3MX"",https://x.com/PolairJateng/status/2021156215892459640,0";;
"POST,kumparan,Tue Feb 10 06:48:02 +0000 2026,""Seorang pria warga Blora, Jawa Tengah, berinisial MM (22) melapor polisi usai ia dihajar dan ditelanjangi oleh warga saat tepergok sedang berduaan dengan istri orang.  Kuasa hukum MM, Yusuf Nurbaidi mengatakan, peristiwa itu terjadi pada Senin 2 Februari 2026 di Desa Srigading, https://t.co/w58KwTrhWZ"",https://x.com/kumparan/status/2021113914386501974,246";;
"POST,grok,Tue Feb 10 05:54:39 +0000 2026,""@FahmanHdy @txtdrimedia Berdasarkan pencarian saya, berita ini benar adanya. Seorang pria berinisial MM (23) di Blora, Jawa Tengah, melapor ke polisi setelah dianiaya warga karena kepergok selingkuh dengan istri orang. Dilaporkan oleh https://t.co/9vAjhQeEWk dan sumber lain seperti Tribun Sumsel."",https://x.com/grok/status/2021100480433123738,0";;
"POST,grok,Tue Feb 10 04:34:55 +0000 2026,""@algifarry81 @txtdrimedia Ya, berita ini nyata. Kejadian di Blora, Jawa Tengah, di mana pria berinisial MM (23) kepergok selingkuh dengan istri orang, dihajar warga, lalu lapor polisi. Dilaporkan oleh https://t.co/u4qa0rgYcC dan sumber lain pada 9 Februari 2026."",https://x.com/grok/status/2021080417223221274,0";;
"POST,tvOneNews,Tue Feb 10 04:10:52 +0000 2026,""Nasib sial menimpa MM, pemuda asal Kecamatan Japah, Blora, Jawa Tengah ini melapor ke kepolisian, atas kasus pengeroyokan dan penyiksaan.  Simak selengkapnya di https://t.co/dlCttk801W #HardNews_Hukum #NewsOne #CariBeritaditvOne #ViralJateng #LaporanPolisi #NO01 https://t.co/jtgj6AMLp5"",https://x.com/tvOneNews/status/2021074363055997218,5";;
"POST,RadioElshinta,Tue Feb 10 01:36:35 +0000 2026,""Seorang pria berinisial MM (23) melapor ke polisi usai dihajar warga di Desa Srigading, Kecamatan Ngawen, Kabupaten Blora, Jawa Tengah.  Ia kepergok dan terekam warga sedang berhubungan badan dengan RR (23), seorang perempuan bersuami. MM menyebut langkah hukum itu ditempuh untuk https://t.co/m5jLPeZ4Aj"",https://x.com/RadioElshinta/status/2021035534962000250,27";;
"POST,VIVAcoid,Mon Feb 09 06:08:05 +0000 2026,""Kepolisian Resor Blora menyelidiki dugaan tindak kekerasan terhadap hewan yang terjadi di Lapangan Kridosono, Kabupaten Blora, Jawa Tengah, setelah seekor kucing dilaporkan mati diduga akibat ditendang seseorang.   Polisi Periksa Pria di Blora yang Tendang Kucing hingga Tewas"",https://x.com/VIVAcoid/status/2020741472761585954,0";;
"POST,RadioElshinta,Mon Feb 09 05:33:57 +0000 2026,""ANAK BAKAR RUMAH ORANG TUA SAMPAI LUDES, DIDUGA EMOSI ATAS PERLAKUAN AYAHNYA 👀‼  Polisi menetapkan seorang pria berinisial K sebagai tersangka pembakaran rumah orang tuanya di Desa Sumberagung, Kecamatan Jaken, Kabupaten Pati, Jawa Tengah.   Akibat perbuatannya, K terancam https://t.co/mu5DaxYWqr"",https://x.com/RadioElshinta/status/2020732883581997276,3";;
POST,BangJarwoSopo7,Mon Feb 09 00:34:04 +0000 2026,@bumihijauserut @mikuroQ @Divpropam @polres_klaten @akbarfaizal68 @BocorAlusPol @CNNIndonesia @DivHumas_Polri @ini_polisi @himawansugeha95 @karniilyas @KemensetnegRI @ListyoSigitP @mprgoid @msaid_didu @prabowo @tvOneNews @poldajateng_ @KPK_RI @KejaksaanRI @setkabgoid @KSPgoid @yudiharahap46 @Metro_TV @KompasTV @SBYudhoyono @DPR_RI @BosPurwa @alvinlie21 @sharpandshark @detikcom @abu_waras @KataBewe @Gojekmilitan @Opposisi6890 @KRjogjadotcom @kumparan @detikjatengcom @tribunjogja @soloposdotcom @solopos @jawapos @suaramerdeka @Ary_PrasKe2 @JimlyAs @mohmahfudmd @ahriesonta @habiburokhman @03__nakula @alexandreanov Polda Jawa Tengah tidak dapat dipercaya lagi https://t.co/aK4di2biLm,https://x.com/BangJarwoSopo7/status/2020657413402288465,1;;
"POST,SeatizensMedia,Mon Feb 09 00:13:10 +0000 2026,""Media sosial kembali heboh setelah sebuah video amatir memperlihatkan sekelompok warga menganiaya seorang pria di Kabupaten Blora, Jawa Tengah. Video baca lengkapnya di https://t.co/inYqojx55N https://t.co/Ddo5bK1A6a"",https://x.com/SeatizensMedia/status/2020652156857291007,0";;
POST,Kangmadar,Sun Feb 08 03:41:21 +0000 2026,Polisi Kebumen Gagalkan Rencana Tawuran di Buayan Tujuh Pelajar dan Celurit Diamankan https://t.co/OoVYpR17Nj,https://x.com/Kangmadar/status/2020342158914642098,0;;
"POST,pekerjakampus,Sun Feb 08 03:18:41 +0000 2026,""@Halebopps @zanatul_91 @P2G_ID di lingkungan kampus, tahun lalu kami bikin diskusi semacam ini di jawa tengah dan depan pabrik di jakarta utara.  iya benar. depan pabrik. saat buruhnya mogok kerja.  diawasi belasan polisi dan tentara.  di pabrik.                              di kampus. https://t.co/z49SxjKw2P"",https://x.com/pekerjakampus/status/2020336455609102548,0";;
"POST,hana191858,Sat Feb 07 07:31:40 +0000 2026,""@bowokontlo Awas nnti di tangkap polisi atas dugaan UU ITE NAMA : AULIA FARAH KHAIRUNNISA WONOGIRI, 07-05-2003 ALAMAT : PUNDUNG, RT001 / RW010, NGADIROJO LOR, NGADIROJO, WONOGIRI, JAWA TENGAH 085524667469"",https://x.com/hana191858/status/2020037730949034131,0";;
"POST,grok,Sat Feb 07 07:18:34 +0000 2026,""@r_revaldo19 @mudahtertawa_ Ya, kejadian ini benar. Pada 4 Februari 2026 di Pati, Jawa Tengah, seorang anak (43) membakar rumah orang tuanya karena konflik keluarga, termasuk ayah membawa wanita lain ke rumah. Pelaku sudah menyerahkan diri ke polisi dan sedang diselidiki. Sumber: Kompas TV &amp";" Seputar Muria."",https://x.com/grok/status/2020034436851503174,0";
"POST,RadioElshinta,Fri Feb 06 12:10:00 +0000 2026,""Kasus pencurian dengan kekerasan terhadap seorang lansia di Desa Sidorejo, Comal, Pemalang, Jawa Tengah yang sempat viral di media sosial, akhirnya berhasil diungkap polisi. Dua pelaku yang merupakan saudara kandung ditangkap di rumahnya dan kini menjalani pemeriksaan intensif, https://t.co/1TtfkvRAWw"",https://x.com/RadioElshinta/status/2019745388484530445,0";;
"POST,KompasData,Fri Feb 06 09:16:54 +0000 2026,""Polisi meringkus Agus Ratmono (30), warga Boyolali, Jawa Tengah, yang membunuh dan mencuri sepeda motor tetanganya. Agus terlilit utang karena sering kalah judi.  #Kriminalitas #AdadiKompas  https://t.co/bX5MZNd1OQ"",https://x.com/KompasData/status/2019701826979860939,0";;
"POST,hariankompas,Fri Feb 06 09:12:35 +0000 2026,""Polisi meringkus Agus Ratmono (30), warga Boyolali, Jawa Tengah, yang membunuh dan mencuri sepeda motor tetanganya. Agus terlilit utang karena sering kalah judi.  #Kriminalitas #AdadiKompas  https://t.co/NPwcRmLSJL"",https://x.com/hariankompas/status/2019700740378288281,0";;
"POST,Pol85473Polsek,Thu Feb 05 12:23:46 +0000 2026,""Marak Modus Penipuan Tagihan ETLE Lewat Pesan Singkat, Dirlantas Polda Jateng : “Pemberitahuan Pelanggaran ETLE Hanya Dikirim Lewat Surat Fisik ke Alamat Rumah”*  *Warga Pedurungan Bagikan Pengalaman Mudahnya Urus Tilang ETLE Resmi di Kantor Polisi* https://t.co/B2HYaVF0pY"",https://x.com/Pol85473Polsek/status/2019386466988880366,0";;
"POST,polsekGNP,Thu Feb 05 12:12:34 +0000 2026,""*Marak Modus Penipuan Tagihan ETLE Lewat Pesan Singkat, Dirlantas Polda Jateng : “Pemberitahuan Pelanggaran ETLE Hanya Dikirim Lewat Surat Fisik ke Alamat Rumah”*  *Warga Pedurungan Bagikan Pengalaman Mudahnya Urus Tilang ETLE Resmi di Kantor Polisi* https://t.co/8b9BU7Cgss"",https://x.com/polsekGNP/status/2019383645346361490,0";;
"POST,earthwandere12,Thu Feb 05 10:14:18 +0000 2026,""Purworejo, Jawa Tengah, Pos Polisi depan SMK Negeri 1 Purworejo. 5 Februari 2026, Pukul 16.40 WIB. https://t.co/hUfmBUePew"",https://x.com/earthwandere12/status/2019353883060125746,0";;
POST,bambangsuling11,Thu Feb 05 06:22:14 +0000 2026,@Jateng_Twit Laporan resmi sudah terbit min  https://t.co/7k5E03Ip2e,https://x.com/bambangsuling11/status/2019295480933675356,0;;
"POST,UdinPetot410843,Wed Feb 04 19:54:11 +0000 2026,""Seorang personel Satuan Polisi Pamong Praja (Satpol PP) meninggal dunia usai melakukan evakuasi terhadap seorang ODGJ di Dukuh Krajan, Desa Krakal, Kecamatan Alian, Kabupaten Kebupen, Jawa Tengah, pada Senin (2/2/  #beritaviral #beritatiktok #beritahariini #infoterkini https://t.co/1eUv6HG1qy"",https://x.com/UdinPetot410843/status/2019137429035462681,0";;
"POST,NusantaraB16913,Wed Feb 04 16:39:51 +0000 2026,""POLDA Jawa Tengah mengungkap kasus penyalahgunaan distribusi pupuk bersubsidi yang merugikan negara hingga Rp4,3 miliar. Dalam pengungkapan tersebut, polisi mengamankan tiga tersangka #PoldaJateng #Mafia #PupukBersubsidi #het #petani #kerugiannegara  https://t.co/mMubWzwhKZ"",https://x.com/NusantaraB16913/status/2019088522376864245,0";;
POST,KompasData,Wed Feb 04 09:01:55 +0000 2026,Polisi ungkap jaringan penjualan dan distribusi pupuk bersubsidi di wilayah Jawa Tengah.  #Kriminalitas #AdadiKompas  https://t.co/Uu44nIyiGw,https://x.com/KompasData/status/2018973281013891472,0;;
POST,hariankompas,Wed Feb 04 08:57:20 +0000 2026,Polisi ungkap jaringan penjualan dan distribusi pupuk bersubsidi di wilayah Jawa Tengah.  #Kriminalitas #AdadiKompas  https://t.co/21ut1yMEJL,https://x.com/hariankompas/status/2018972128331055589,0;;
POST,monitorind,Wed Feb 04 07:01:18 +0000 2026,KEADILAN UNTUK MINTEL: PENSIUNAN DI BLORA DIPERIKSA POLISI USAI TENDANG KUCING HINGGA MATI 🐈💔⚖️  Update hukum dari Jawa Tengah (3/2/2026). Kasus penganiayaan kucing bernama Mintel kini masuk tahap penyidikan di Polres Blora. #fyp #viral #BeritaTerkini #BeritaTerbaru #fypdong https://t.co/OjZRP0GAf4,https://x.com/monitorind/status/2018942928442544357,0;;
"POST,RPutriguna79142,Tue Feb 03 23:43:16 +0000 2026,""Anggota Satpol PPKebumen Tewas Saat Evakuasi ODGJ.Seorang anggota Satuan Polisi Pamong Praja di Kabupaten Kebumen, Jawa Tengah, tewas saat menjalankan tugas evakuasi orang dengan gangguan jiwa pada Senin siang, 2 Februari 2026.  #kebumen #SatpolPP #odgj https://t.co/e6iS4MN0wa"",https://x.com/RPutriguna79142/status/2018832690418733098,1";;
"POST,RonaJateng5,Tue Feb 03 16:01:18 +0000 2026,""Pria Penendang Kucing di Blora Diperiksa Polisi, Advokat Sekaligus Mantan ASN yang Kini Terancam 1,5 Tahun Penjara https://t.co/MpT8iebqxO"",https://x.com/RonaJateng5/status/2018716435086803131,0";;
"POST,tvOneNews,Tue Feb 03 13:42:33 +0000 2026,""Polisi mengungkap motif pria berinisial PJ (60) menendang kucing hingga mati di Blora, Jawa Tengah.   Simak selengkapnya di https://t.co/u6PZlm8Uki #HardNews_Viral #NewsOne #CariBeritaditvOne #ViralJateng #Kucing #PensiunanASN #Kriminal #FO01 https://t.co/ZGbOMgqC0T"",https://x.com/tvOneNews/status/2018681515711095064,4";;
"POST,Jateng_Twit,Tue Feb 03 09:02:56 +0000 2026,""Innalilahi wa innalilahi rojiun  Seorang anggota Satuan Polisi Pamong Praja (Satpol PP) di Kebumen, Jawa Tengah dibacok oleh orang dengan gangguan jiwa (ODGJ) saat hendak melakukan evakuasi. Korban sempat dilarikan ke rumah sakit namun sayang nyawanya tak tertolong. Korban adalah https://t.co/p3H6XuapEb"",https://x.com/Jateng_Twit/status/2018611147017208154,3";;
"POST,diansantanag,Tue Feb 03 06:41:04 +0000 2026,""@somexthread Jawa Tengah emang Agak Laen..  Dari awal di kasih tau jngan pilih Polisi. Polisi makin sesuka hati kan,,. Klok kayak gitu protes Skrang"",https://x.com/diansantanag/status/2018575447978893583,0";;
"POST,mediaindonesia,Tue Feb 03 06:38:06 +0000 2026,""Viral Tendang Kucing di Blora, Pelaku Diperiksa Polisi  Sempat viral rekaman video yang beredar di media sosial ketika laki-laki berbaju oranye tiba-tiba menendang seekor kucing yang sedang bersama pemiliknya di Lapangan Kridosono, Blora, Jawa Tengah. Sang pemilik kucing pun https://t.co/ylncwUnl35"",https://x.com/mediaindonesia/status/2018574700281213232,0";;
"POST,polsek_sebulu,Tue Feb 03 04:01:37 +0000 2026,""Rumah Warga di Muara Jawa Terbakar, Polisi dan Damkar Sigap Lakukan Penanganan  Kukar – Sebuah rumah milik warga di Jalan Sindang Jaya RT 09, Kelurahan Muara Jawa Tengah, Kecamatan Muara Jawa, Kabupaten Kutai Kartanegara, dilaporkan mengalami kebakaran pada Minggu (1/2/2026). https://t.co/9IB1l2rXI1"",https://x.com/polsek_sebulu/status/2018535320560759256,0";;
"POST,tarja45601,Tue Feb 03 03:09:35 +0000 2026,""Polsek Geyer Polres Grobogan  Polda Jateng.  """"POLISI SAHABAT ANAK""""  Kunjungan TK KB AISYIYAH di Polsek Geyer, Selasa (3/2/2026).  @poldajateng @polres_grobogan @kapolresgrobogan #bhabinkamtibmas #polriuntukmasyarakat https://t.co/8793TuiMDj"",https://x.com/tarja45601/status/2018522224224051672,0";;
"POST,kumparan,Tue Feb 03 02:47:35 +0000 2026,""Seorang anggota Satuan Polisi Pamong Praja (Satpol PP) tewas saat berusaha mengevakuasi orang dengan gangguan jiwa (ODGJ) di Kebumen, Jawa Tengah. Korban dibacok oleh ODGJ tersebut ketika proses evakuasi berlangsung.  Peristiwa itu terjadi pada Senin (2/2) sekitar pukul 14.00 WIB https://t.co/lnorPNEwH2"",https://x.com/kumparan/status/2018516687440826498,13";;
"POST,Polsek_M_Kaman,Tue Feb 03 02:44:49 +0000 2026,""Rumah Warga di Muara Jawa Terbakar, Polisi dan Damkar Sigap Lakukan Penanganan  Kukar – Sebuah rumah milik warga di Jalan Sindang Jaya RT 09, Kelurahan Muara Jawa Tengah, Kecamatan Muara Jawa, Kabupaten Kutai Kartanegara, dilaporkan mengalami kebakaran pada Minggu (1/2/2026) https://t.co/5jIcP029BO"",https://x.com/Polsek_M_Kaman/status/2018515994436927528,0";;
"POST,Polsektgrsbrng,Tue Feb 03 01:40:39 +0000 2026,""Rumah Warga di Muara Jawa Terbakar, Polisi dan Damkar Sigap Lakukan Penanganan  Kukar – Sebuah rumah milik warga di Jalan Sindang Jaya RT 09, Kelurahan Muara Jawa Tengah, Kecamatan Muara Jawa, Kabupaten Kutai Kartanegara, dilaporkan mengalami kebakaran pada Minggu (1/2/2026) https://t.co/poBvqgVwYf"",https://x.com/Polsektgrsbrng/status/2018499846278431196,0";;
"POST,grok,Mon Feb 02 10:48:01 +0000 2026,""@FebrianiRetri @Jateng_Twit Berdasarkan info terbaru dari Polda Jateng, pelaku (PJ, 69 thn) sudah diperiksa polisi pada 2 Feb 2026 dan mengaku salah. Belum ada penangkapan, penyelidikan masih berlanjut. Bisa dijerat KUHP Pasal 337 dengan ancaman hingga 1 tahun penjara jika terbukti."",https://x.com/grok/status/2018275205798416640,0";;
POST,therupiahlobby,Mon Feb 02 10:14:31 +0000 2026,polisi jateng ini ngga ada yang waras ya?,https://x.com/therupiahlobby/status/2018266773469155623,0;;
"POST,ANTARABengkulu,Mon Feb 02 09:25:58 +0000 2026,""Kepolisian Resor Blora menyelidiki dugaan tindak kekerasan terhadap hewan yang terjadi di Lapangan Kridosono, Kabupaten Blora, Jawa Tengah, setelah seekor kucing dilaporkan mati diduga akibat ditendang seseorang.https://t.co/0Ho9FemQDE"",https://x.com/ANTARABengkulu/status/2018254557869166666,0";;
"POST,admjurnalpantu1,Mon Feb 02 09:02:46 +0000 2026,""Kepolisian Resor Demak, Jawa Tengah menggelar Apel Pasukan Operasi Keselamatan Candi 2026 di Lapangan Wicaksana Laghawa, Senin 02/02/2026.  https://t.co/A4ZsuAu5ds"",https://x.com/admjurnalpantu1/status/2018248717854540123,0";;
"POST,kompascom,Mon Feb 02 09:00:45 +0000 2026,""Kabid Humas Polda Jawa Tengah Kombes Pol Artanto, mengatakan, pelaku merupakan warga Karangjati, Kabupaten Blora yang mempunyai latar belakang seorang pensiunan.  Baca selengkapnya: https://t.co/LjsFBbZiOu.  ~SN #PelakuPenendangKucing #Viral #Blora https://t.co/nT3znVTvyd"",https://x.com/kompascom/status/2018248209630736797,66";;
POST,sebelpuyeng0279,Mon Feb 02 08:55:53 +0000 2026,@CakD3pp News cak...pelaku sudah dalam pemeriksaan polres Blora.  https://t.co/qGBqRCeeWw,https://x.com/sebelpuyeng0279/status/2018246985871208713,0;;
"POST,tarja45601,Fri Jan 30 04:14:38 +0000 2026,""Polsek Geyer Polres Grobogan  Polda Jateng.  Bhabinkamtibmas (Bhayangkara Pembina Keamanan dan Ketertiban Masyarakat) adalah polisi yang ditempatkan di desa/kelurahan untuk dekat dengan masyarakat melalui kunjungan rutin (sambang desa/DDS), mendengarkan keluhan, memediasi masalah https://t.co/bV0r2lVJbM"",https://x.com/tarja45601/status/2017089045445431650,0";;
"POST,bulepotanx,Thu Jan 29 22:53:54 +0000 2026,""Ini polisi Jawa Tengah dan Yogyakarta emang selalu blunder atau emang gak bisa menjalankan tugas sama sekali, deh? Masa blunder setiap saat?"",https://x.com/bulepotanx/status/2017008330624192729,0";;
"POST,bawaslubanyumas,Thu Jan 29 13:04:29 +0000 2026,""#sahabatbawaslu Dalam rangka  memastikan akurasi dan validitas data pemilih sebagai upaya konsolidasi demokrasi, Bawaslu Kabupaten Banyumas melaksanakan kegiatan koordinasi dengan Sekolah Polisi Negara (SPN) Polda Jateng berlokasi di Purwokerto, Senin (26/01).   #BawasluBanyumas https://t.co/OEhn2OsCx7"",https://x.com/bawaslubanyumas/status/2016859999226700278,0";;
"POST,rehansuganda_,Wed Jan 28 07:20:35 +0000 2026,""@M_Dwpy Terimakasih Polres Purbalingga dan Sat Brimob Jawa Tengah berkat bantuan bapak2 Polisi, aktivitas warga yg tadinya terhambat, perlahan mulai Pulih.. 🙏🙏"",https://x.com/rehansuganda_/status/2016411062556647705,0";;
"POST,suaramerdeka,Wed Jan 28 05:10:44 +0000 2026,""Truk tanpa muatan  bernomor polisi L-8861-UC yang dikemudikan Sutarno (43) dari Banyumas  nekat melintas saat kereta relasi Malang-Gambir melaju dari arah timur,  menyebabkan tabrakan hebat.  https://t.co/yaM0FOPtnq"",https://x.com/suaramerdeka/status/2016378385556242664,0";;
"POST,radarjogja,Mon Jan 26 09:26:42 +0000 2026,""Honda Jazz Terbakar di Kota Magelang, Polisi Buru Pengemudi https://t.co/PY1vTHYSDl"",https://x.com/radarjogja/status/2015718027577418024,0";;
POST,polseksale1,Mon Jan 26 08:03:29 +0000 2026,Polri Mendukung Program Ketahanan Pangan Nasional   Swasembada pangan Ketahanan pangan Polisi cinta petani Polsek Sale Polres Rembang Polda Jateng   #swasembadapangan #ketahananpangan #polrimendukungketahananpangan #polisicintapetani #poldajateng #polresrembang #polseksale https://t.co/NESdAh2lqN,https://x.com/polseksale1/status/2015697083349770541,0;;
POST,polseksale1,Mon Jan 26 08:03:26 +0000 2026,Polri Mendukung Program Ketahanan Pangan Nasional   Swasembada pangan Ketahanan pangan Polisi cinta petani Polsek Sale Polres Rembang Polda Jateng   #swasembadapangan #ketahananpangan #polrimendukungketahananpangan #polisicintapetani #poldajateng #polresrembang #polseksale https://t.co/wfQl7o0NIA,https://x.com/polseksale1/status/2015697070368362659,0;;
POST,azki1825,Sun Jan 25 15:42:10 +0000 2026,@intinyadeh Polisi Jateng Ndeluogok pol cok,https://x.com/azki1825/status/2015450128111558846,0;;
POST,10ribu3macam,Sun Jan 25 03:17:37 +0000 2026,@pakualaman1 KLITIHae ga isok di beresno barang BONEK cepet di beresno wkwkwkwk POLISI JATENG/DIY ORA POKRO,https://x.com/10ribu3macam/status/2015262757634142382,1;;
"POST,tugu_polsek,Sun Jan 25 01:49:27 +0000 2026,""Polda Jateng- Kegiatan kunjungan edukasi program Jajan CIKI (Jalan-Jalan Karo Bocah Cilik) yang digelar Direktorat Polisi Perairan dan Udara Polda Jawa Tengah tidak hanya memberikan pengetahuan keselamatan perairan, namun juga menumbuhkan mimpi dan cita-cita bagi generasi muda. https://t.co/5WNkeHraZF"",https://x.com/tugu_polsek/status/2015240566825734393,0";;
"POST,grok,Sat Jan 24 08:46:40 +0000 2026,""@anonamiti @Matto_D_guy @liskiataumi Ya, Noordin Mohammad Top tewas di Solo, Jawa Tengah, Indonesia pada 17 September 2009 saat penggerebekan polisi. Keturunan Jawa dari ayahnya, dan memang meninggal di Jawa. 💔 😊"",https://x.com/grok/status/2014983175441637450,1";;
"POST,azki1825,Sat Jan 24 04:35:03 +0000 2026,""@DS_yantie Polisi paling lawak ya polisi jateng, kebanyakan kasus pelanggaran HAM juga dari sana. Itu kasus gamma aja banyak ngibulnya mereka"",https://x.com/azki1825/status/2014919857008153077,0";;
"POST,AgniParasthra,Fri Jan 23 23:33:38 +0000 2026,""@tribunjogja Polisi Jogja ya? Ngga heran kalau Polda Jateng mah. Gamma aja dibunuh, malah difitnah. Bener² Polda paling busuk dan biadab."",https://x.com/AgniParasthra/status/2014844002638664165,0";;
POST,DISPERMADES_JTG,Fri Jan 23 09:39:17 +0000 2026,Dispermadesdukcapil Prov Jateng menjadi salah satu Tim Panitia Eksternal dalam Pelaksanaan Pemeriksaan Administrasi (Rikmin) Seleksi Penerimaan SIPSS (Siswa Inspektur Polisi Sumber Sarjana) T.A. 2026 yang dilaksanakan pada 22 Januari 2026 di Polda Jawa Tengah. https://t.co/Pam8P7xTqS,https://x.com/DISPERMADES_JTG/status/2014634032097853738,0;;
POST,polisi_brebes,Fri Jan 23 04:25:59 +0000 2026,Kapolres Brebes Terima Kunjungan Kabid Propam Polda Jateng dalam Rangka Gaktiblin Anggota  @divisihumaspolri @humas_poldajateng  #polresbrebes #polresbrebesapik #bhabinkamtibmas #humaspolri #polriuntukindonesia #polrihadir #polisiindonesia #PolriPresisi #brebeshariini https://t.co/dArsMotc7e,https://x.com/polisi_brebes/status/2014555185549545522,0;;
POST,MaulaniCika,Thu Jan 22 18:02:53 +0000 2026,Ini Polisi Evakuasi Terminal Rusak Di Karanganyar Jawa Tengah https://t.co/DQMiyKW9PO,https://x.com/MaulaniCika/status/2014398378751439036,2;;
POST,suaramerdeka,Thu Jan 22 08:52:05 +0000 2026,Pagar rumah bahkan tampak tertutup dan terkunci. Meski begitu tidak ada garis polisi yang terpasang di rumah tersebut.  Banner bergambar Sudewo dan istrinya yang bertuliskan ucapan Natal dan Tahun Baru terlihat berdiri megah di depan rumah.  https://t.co/p6pFSzeXNN,https://x.com/suaramerdeka/status/2014259765195800627,0;;
"POST,suaramerdeka,Thu Jan 22 05:07:06 +0000 2026,""Awal 2026, Peran Warga Sragen Bantu Polisi Bongkar Peredaran Sabu  https://t.co/myNlvctIh3"",https://x.com/suaramerdeka/status/2014203145405268345,0";;
POST,Kangmadar,Wed Jan 21 01:51:31 +0000 2026,Polisi Ringkus Empat Pemuda di Kebumen Amankan Ratusan Gram Sabu dan Puluhan Ekstasi https://t.co/TSp4spBZlk,https://x.com/Kangmadar/status/2013791536149049370,0;;
"POST,IDNTimesJateng,Tue Jan 20 11:51:36 +0000 2026,""Dilaporkan ke Polisi, BRM S Klaim Lindungi Korban Ricuh Keraton Solo https://t.co/mcBAy3PYf3"",https://x.com/IDNTimesJateng/status/2013580166984016033,0";;
"POST,PolairJateng,Mon Jan 19 10:31:01 +0000 2026,""Giat laporan POLISI PENOLONG KP.IX-1008 Dit Polairud Polda Jateng penugasan Wilayah Kendal.   - Hari / Waktu : Senin, 19 Januari 2026, Pukul 10.00 Wib. - Tempat : Kelurahan Langen Harjo, Kec. Kendal Kota, Kab. Kendal. - Uraian :  Crew KP.IX-1008 Ditpolairud Polda Jateng membantu https://t.co/nMkGTOrneY"",https://x.com/PolairJateng/status/2013197496550412742,0";;
"POST,klatenutara_,Sun Jan 18 14:08:46 +0000 2026,""Kapolri Jenderal Polisi Drs. Listyo Sigit Prabowo, https://t.co/3b6HYdnTkP., meresmikan secara serentak 19 Jembatan Merah Putih Presisi di Provinsi Jawa Tengah yang terpusat di Desa Cucukan, Kec. Prambanan, Kab. Klaten. https://t.co/JOxkthUjB2"",https://x.com/klatenutara_/status/2012889909959557260,1";;
"POST,Sek_Kemalang,Sun Jan 18 13:30:12 +0000 2026,""Kapolri Jenderal Polisi Drs. Listyo Sigit Prabowo, https://t.co/TyM0SmzI2X., meresmikan secara serentak 19 Jembatan Merah Putih Presisi di Provinsi Jawa Tengah yang terpusat di Desa Cucukan, Kec. Prambanan, Kab. Klaten."",https://x.com/Sek_Kemalang/status/2012880201722794443,1";;
"POST,Subsektor1,Sun Jan 18 12:29:02 +0000 2026,""Kapolri Jenderal Polisi Drs. Listyo Sigit Prabowo, https://t.co/Higd1BFX15., meresmikan secara serentak 19 Jembatan Merah Putih Presisi di Provinsi Jawa Tengah yang terpusat di Desa Cucukan, Kec. Prambanan, Kab. Klaten. https://t.co/flF7yHkVDo"",https://x.com/Subsektor1/status/2012864811453858172,0";;
POST,detikjatengcom,Sun Jan 18 11:59:54 +0000 2026,Viral Polisi di Kudus Tambal Lubang Jalan Pantura Usai Banjir https://t.co/tr8oYEmpSx,https://x.com/detikjatengcom/status/2012857478443319558,0;;
"POST,HumasPedan,Sun Jan 18 11:39:22 +0000 2026,""Kapolri Jenderal Polisi Drs. Listyo Sigit Prabowo, https://t.co/2quqMDxJRa., meresmikan secara serentak 19 Jembatan Merah Putih Presisi di Provinsi Jawa Tengah yg terpusat di Desa Cucukan, Kec. Prambanan, Kab. Klaten. Pembangunan Jembatan ini merupakan tindak lanjut atas arahan https://t.co/YcnVHZUZ3L"",https://x.com/HumasPedan/status/2012852309357642008,1";;
"POST,PolisiSerpong,Sun Jan 18 09:59:33 +0000 2026,""Kapolri Jenderal Polisi Drs. Listyo Sigit Prabowo, M. Si., meresmikan secara serentak 19 Jembatan Merah Putih Presisi di Provinsi Jawa Tengah yang terpusat di Desa Cucukan, Kec. Prambanan, Kab. Klaten. https://t.co/4oCR2Gty2X"",https://x.com/PolisiSerpong/status/2012827190241661002,0";;
"POST,padureso_polsek,Sat Jan 17 22:34:30 +0000 2026,""Kapolri Jenderal Polisi Drs. Listyo Sigit Prabowo, https://t.co/9d4coOUL2d., meresmikan secara serentak 19 Jembatan Merah Putih Presisi di Provinsi Jawa Tengah yang terpusat di Desa Cucukan, Kec. Prambanan, Kab. Klaten. https://t.co/KtQkQVV2h1"",https://x.com/padureso_polsek/status/2012654790703001845,0";;
"POST,HumasJatiasih,Sat Jan 17 12:04:34 +0000 2026,""Kapolri Jenderal Polisi Drs. Listyo Sigit Prabowo, https://t.co/VB4kWuJnlc., meresmikan 19 Jembatan Merah Putih Presisi di Klaten, Jawa Tengah, sebagai tindak lanjut arahan Presiden RI Jenderal TNI (Purn) Prabowo Subianto utk meningkatkan keselamatan dan akses masyarakat. https://t.co/AQkhCjOaAm"",https://x.com/HumasJatiasih/status/2012496265989239280,0";;
"POST,rapmafmums,Sat Jan 17 09:58:33 +0000 2026,""#UPDATECAMPUS  (13.01.2025) Tiga satpam UMS mendapat penghargaan dari Polda Jawa Tengah karena berhasil membantu polisi mengungkap kasus pencurian motor, menunjukkan bahwa satpam kampus punya peran penting dalam menjaga keamanan masyarakat.  #SUDUTKAMPUS https://t.co/P1gN1YlHHV"",https://x.com/rapmafmums/status/2012464550084280347,0";;
"POST,Beritasatu,Sat Jan 17 09:00:49 +0000 2026,""Di tengah kepungan banjir yang masih merendam sejumlah wilayah Kabupaten Kudus, Jawa Tengah, tersaji sebuah kisah kemanusiaan yang mengharukan. Polisi dari Satuan Samapta (Sat Samapta) Polres Kudus rela menembus banjir setinggi satu meter demi menyelamatkan tujuh ekor kucing https://t.co/OPhsYiixLP"",https://x.com/Beritasatu/status/2012450021514391839,1";;
POST,GayengMedia,Sat Jan 17 07:47:51 +0000 2026,https://t.co/2XIFpW6EC8,https://x.com/GayengMedia/status/2012431660135199196,0;;
"POST,LautHumas,Sat Jan 17 05:34:26 +0000 2026,""Kapolri Jenderal Polisi Drs. Listyo Sigit Prabowo, https://t.co/ROoD8KvLwz., meresmikan 19 Jembatan Merah Putih Presisi di Klaten, Jawa Tengah, pada Rabu (14/1). https://t.co/uEtCTWESom"",https://x.com/LautHumas/status/2012398083858895261,0";;
"POST,PulungPolsek,Sat Jan 17 02:44:13 +0000 2026,""Kapolri Jenderal Polisi Drs. Listyo Sigit Prabowo, https://t.co/rryahicX2j., meresmikan 19 Jembatan Merah Putih Presisi di Klaten, Jawa Tengah, pada Rabu (14/1). https://t.co/OpjlIcZU7K"",https://x.com/PulungPolsek/status/2012355249223438420,0";;
"POST,DivHumas_Polri,Sat Jan 17 00:28:31 +0000 2026,""Kapolri Jenderal Polisi Drs. Listyo Sigit Prabowo, M. Si., meresmikan secara serentak 19 Jembatan Merah Putih Presisi di Provinsi Jawa Tengah yang terpusat di Desa Cucukan, Kec. Prambanan, Kab. Klaten. Pembangunan Jembatan ini merupakan tindak lanjut atas arahan Bapak Presiden https://t.co/FcYHotIKsV"",https://x.com/DivHumas_Polri/status/2012321098134917395,56";;
"POST,reskoba_kutim,Fri Jan 16 04:18:45 +0000 2026,""Kapolri Jenderal Polisi Drs. Listyo Sigit Prabowo, https://t.co/rol3oKLDNg., meresmikan 19 Jembatan Merah Putih Presisi di Klaten, Jawa Tengah, pada Rabu (14/1). Hal tersebut sebagai tindak lanjut arahan Presiden RI Jenderal TNI (Purn) Prabowo Subianto https://t.co/WOYJTQ3j0M"",https://x.com/reskoba_kutim/status/2012016650728718704,0";;
"POST,DivHumas_Polri,Fri Jan 16 02:41:31 +0000 2026,""Kapolri Jenderal Polisi Drs. Listyo Sigit Prabowo, M. Si., meresmikan 19 Jembatan Merah Putih Presisi di Klaten, Jawa Tengah, pada Rabu (14/1). Hal tersebut sebagai tindak lanjut arahan Presiden RI Jenderal TNI (Purn) Prabowo Subianto untuk meningkatkan keselamatan dan akses https://t.co/RFmUOBoyty"",https://x.com/DivHumas_Polri/status/2011992180899139887,70";;
"POST,sigitdn28,Thu Jan 15 11:47:49 +0000 2026,""Kapolri Jenderal Polisi Listyo Sigit Prabowo meresmikan sejumlah Jembatan Merah Putih Presisi di Jawa Tengah. Pembangunan jembatan ini merupakan komitmen Polri dalam menindaklanjuti arahan Presiden Republik Indonesia, https://t.co/Wva9pTiLPf"",https://x.com/sigitdn28/status/2011767273116352857,0";;
POST,sobatpresisi_,Thu Jan 15 08:51:49 +0000 2026,Kapolri Jenderal Polisi Listyo Sigit Prabowo meresmikan 19 Jembatan Merah Putih Presisi yang tersebar di wilayah hukum Polda Jawa Tengah. #Kapolri #ListyoSigitPrabowo #Polri #PolriPresisi https://t.co/yCqlBlKBfy,https://x.com/sobatpresisi_/status/2011722980376920077,0;;
"POST,klatenutara_,Thu Jan 15 08:03:40 +0000 2026,""Kapolri Jenderal Polisi Listyo Sigit Prabowo meresmikan sejumlah Jembatan Merah Putih Presisi di Jawa Tengah. Pembangunan jembatan ini merupakan komitmen Polri dalam menindaklanjuti arahan Presiden Republik Indonesia, Prabowo Subianto, https://t.co/hGrd6n22tO"",https://x.com/klatenutara_/status/2011710866081862141,2";;
"POST,padureso_polsek,Wed Jan 14 15:33:27 +0000 2026,""Kapolri Jenderal Polisi Listyo Sigit Prabowo meresmikan secara serentak 19 Jembatan Merah Putih Presisi yang telah selesai dibangun di berbagai wilayah Jawa Tengah, Rabu (14/1/2026). https://t.co/qYhB08wIm6"",https://x.com/padureso_polsek/status/2011461667427926393,0";;
POST,tribunjateng,Tue Jan 13 05:15:19 +0000 2026,Polisi Gagalkan Aksi Tawuran Geng All Star Sukolilo dan Geng Resplat Lebak Wetan Pati   https://t.co/MIdSvN4f0l,https://x.com/tribunjateng/status/2010943720926191662,0;;
"POST,birosdmpoldadiy,Mon Jan 12 07:06:59 +0000 2026,""Biro SDM Polda DIY menyelenggarakan apel keberangkatan peserta Pendidikan Sekolah Bintara Polisi (SBP) Tahun Anggaran 2026 Panda Polda DIY dan mengantarkan para peserta ke Pusdik Binmas Lemdiklat Polri, Banyubiru, Semarang, Jawa Tengah untuk memulai pendidikan.  @ssdm_polri https://t.co/sY1WH5g5V0"",https://x.com/birosdmpoldadiy/status/2010609437619433489,0";;
"POST,IDNTimesJateng,Mon Jan 12 04:15:14 +0000 2026,""Sebanyak 25 pemuda terjaring razia balap liar (trek-trekan) yang digelar aparat gabungan Satlantas Polrestabes Semarang di Jalan Kompol Maksum, Kecamatan Semarang Timur, pada Minggu (11/1) dini hari sekitar pukul 02.00 WIB.  #IDNTimesJateng   https://t.co/Imu405ww1G https://t.co/lMZBI1VEgX"",https://x.com/IDNTimesJateng/status/2010566213525721121,0";;
"POST,IDNTimesJateng,Sun Jan 11 23:00:36 +0000 2026,""Polisi Razia 25 Pemuda Trek-Trekan di Semarang, Diberi Hukuman Ini https://t.co/Imu405ww1G"",https://x.com/IDNTimesJateng/status/2010487033672949776,0";;
"POST,Gtid_news,Sat Jan 10 09:19:50 +0000 2026,""Sebanyak 133 ton bawang bombay ilegal asal Pontianak disita polisi di Pelabuhan Tanjung Emas, Semarang, Jawa Tengah. Penindakan dilakukan setelah laporan masyarakat terkait pengiriman bawang tanpa dokumen karantina. Bawang tersebut diangkut menggunakan kapal dari Pontianak lalu https://t.co/W13y1lQSKi"",https://x.com/Gtid_news/status/2009918090948358578,0";;
"POST,Humas_Korbrimob,Sat Jan 10 08:49:28 +0000 2026,""Wujud Kepedulian Terhadap Tugas dan Nilai-Nilai Sejarah, Dankorbrimob Polri Resmikan Mako Batalyon D Pelopor Satbrimob Polda Jateng dan Monumen Komisaris Polisi Tingkat II R.M. Bambang Soeprapto Dipokoesoemo  #PrayForSumatra #Polriuntukmasyarakat #BrimobUntukNusadanBangsa https://t.co/axmjq8YY2v"",https://x.com/Humas_Korbrimob/status/2009910451287806451,0";;
"POST,kusmawan_11,Sat Jan 10 06:25:56 +0000 2026,""@glrhn masih ingat kasus polisi Jawa tengah, polisi menunjukkan beberapa sajam sebagai barang bukti, tapi boong....😅 dan yg lebih menyebalkan, polisinya naik pangkat....🤣🤣🤣"",https://x.com/kusmawan_11/status/2009874327865643333,3";;
"POST,fish1688,Fri Jan 09 23:49:42 +0000 2026,""@AirinDatangLagi @PDI_Perjuangan Di Jawa Tengah yg katanya kandang banteng, jendral bintang 4 pilihan PDIP keok sama polisi bintang 2 memalukan, pilpres calon PDIP keok dgn sangat memalukan akhir nya piara buzzer deh nyerang pak Jokowi nggilani"",https://x.com/fish1688/status/2009774613396689189,1";;
POST,Kangmadar,Fri Jan 09 12:30:33 +0000 2026,Polisi Ungkap Kronologi Anak 8 Tahun Jadi Saksi Kunci Tragedi Gantung Diri Ibu dan Adiknya https://t.co/6JOLS6XwX7,https://x.com/Kangmadar/status/2009603702072734061,0;;
"POST,PolairJateng,Fri Jan 09 10:25:43 +0000 2026,""Giat laporan POLISI PENOLONG KP.IX-1008 Dit Polairud Polda Jateng.   - Hari / Waktu : Jum'at, 09 Januari 2026, Pukul 10.30 Wib. - Tempat : Dermaga Kapal perikanan Karangsari, Kel. Karangsari, Kec. Kendal Kota, Kab. Kendal. - Uraian :  Crew KP.IX-1008 Ditpolairud Polda Jateng https://t.co/ALopiSpGUw"",https://x.com/PolairJateng/status/2009572286391890297,0";;
"POST,erwinbonien,Thu Jan 08 07:22:45 +0000 2026,""@na_na256 @Srik4ndiMuslim2 masih bisa tuh buat dihapus, sebelum keburu ditangkap sama polisi krn pelanggaran UU ITE NAMA : RATNASARI SRI HANDAYANI TTL : KUDUS, 07-03-1982 ALAMAT : MLATI LOR, RT004/RW003, MLATI LOR, KOTA KUDUS, KUDUS, JAWA TENGAH 081575970130"",https://x.com/erwinbonien/status/2009163852236415422,0";;
"POST,suaramerdeka,Wed Jan 07 04:44:28 +0000 2026,""Pengungkapan kasus tersebut dilakukan pada Minggu, 4 Januari 2026 sekitar pukul 08.15 wib, di wilayah Desa Sokaraja Kidul, Kecamatan Sokaraja.  https://t.co/riuIgC0uxU"",https://x.com/suaramerdeka/status/2008761631892009302,0";;
"POST,grok,Tue Jan 06 23:08:04 +0000 2026,""@baguswee @riskaayurinjani @narkosun Ya, polisi di foto itu masih bertugas. Irwan Anwar kini Brigjen Pol sebagai Widyaiswara Kepolisian Utama TK II Sespim Lemdiklat Polri. Artanto sebagai Kabid Humas Polda Jawa Tengah. Sumber: berita terkini dari Tribunnews dan situs Polri (Jan 2026)."",https://x.com/grok/status/2008676974881870193,0";;
POST,IDNTimesJateng,Tue Jan 06 18:24:33 +0000 2026,Ledakan Sumur Minyak Rakyat di Blora Polisi Lakukan Penyelidikan https://t.co/59iI56EJLz,https://x.com/IDNTimesJateng/status/2008605625748779052,0;;
POST,tribunjateng,Tue Jan 06 09:20:23 +0000 2026,Sosok AJH Eksekutor Pembongkaran Paksa Rumah Nenek Kushayatun di Tegal Mangkir Panggilan Polisi   https://t.co/LEopBkdkLJ,https://x.com/tribunjateng/status/2008468680297140330,0;;
"POST,mediaindonesia,Mon Jan 05 22:00:01 +0000 2026,""Usai arus mudik Natal dan tahun baru pembangunan jalur Pantura Jawa Tengah Semarang-Demak-Kudus kembali dilanjutkan, pembangunan peningkatan badan jalan diperkirakan berlangsung selama 4 bulan tersebut selain sebagai penguatan juga mengantisipasi banjir. https://t.co/gB2DjEaqWW"",https://x.com/mediaindonesia/status/2008297458644729872,0";;
"POST,tribunjateng,Mon Jan 05 12:57:03 +0000 2026,""Kronologi Bentrok Prajurit TNI vs Brimob Polisi, Bermula dari Pertandingan Sepak Bola   https://t.co/CkLlq07GUv"",https://x.com/tribunjateng/status/2008160818773565659,0";;
POST,txtdarimaskael5,Mon Jan 05 12:39:24 +0000 2026,para polisi yg ngefitnah alm. Gamma aja sampai sekarang gak ada tuh dipenjara maupun disidang...masih eksis malah di Polda Jateng,https://x.com/txtdarimaskael5/status/2008156375885676854,1;;
"POST,suaramerdeka,Mon Jan 05 04:14:18 +0000 2026,""Antisipasi Balap Liar Meresahkan, Polisi Intensifkan Pengamanan di Jalan Lawu Karanganyar  https://t.co/1AqFMOENyx"",https://x.com/suaramerdeka/status/2008029265053487564,0";;
"POST,mediaindonesia,Mon Jan 05 00:20:00 +0000 2026,""Polisi mengidentifikasi korban dalam kecelakaan lalu lintas di Ruas Tol Batang-Semarang KM 354+200 jalur A, Desa Karanggeneng, Kecamatan Kandeman, Kabupaten Batang, Jawa Tengah. https://t.co/gJ7WSzP5PI"",https://x.com/mediaindonesia/status/2007970299019755652,0";;
"POST,mediaindonesia,Sun Jan 04 06:30:00 +0000 2026,""Polsek Kudus membubarkan pesta malam yang digelar sekitar 30 remaja di atas trotoar Jalan Tanjung, Desa Kramat, Kecamatan Kota Kudus, Kabupaten Kudus, Jawa Tengah, Sabtu (3/1) malam https://t.co/IP3RsQlWi7"",https://x.com/mediaindonesia/status/2007701024728068402,0";;
"POST,nusabalicom,Sat Jan 03 12:34:06 +0000 2026,""Upaya pelarian seorang pelaku curanmor berinisial RY, 30, berakhir sia-sia di kawasan Pelabuhan Gilimanuk,  Kecamatan Melaya, Jembrana, Jumat (2/1/2026) sore. Pria asal Blora, Jawa Tengah, itu dibekuk polisi setelah nekat kabur saat hendak diamankan  https://t.co/vJhgpTQbIK"",https://x.com/nusabalicom/status/2007430268559458577,0";;
"POST,RonaJateng5,Fri Jan 02 16:38:26 +0000 2026,""Remaja 17 Tahun Tewas Dikeroyok di Mranggen, Polisi Pastikan Proses Hukum Transparan https://t.co/rqDXCe1rrp"",https://x.com/RonaJateng5/status/2007129366082592773,0";;
POST,arulfreedom,Wed Dec 31 23:56:43 +0000 2025,ini foto ikonik. abadi. sebagai pengingat kebrobrokan institusi dan impunitas bagi pelakunya. mustahil kabid humas polda jateng tdk tahu menahu kebohongan publik ini. bersatu membentengi bau busuk institusi @DivHumas_Polri @Divpropam @ListyoSigitP @presisi_polisi @kompolnas_ri https://t.co/blXnOs4idx,https://x.com/arulfreedom/status/2006514889725227110,0;;
"POST,tribunjateng,Wed Dec 31 02:45:08 +0000 2025,""Kasus Pengusiran Nenek Kushayatun di Tegal: Diduga Ada Mafia Tanah, Polisi Diminta Bergerak Cepat   https://t.co/gucv0vjiL9"",https://x.com/tribunjateng/status/2006194883024019552,0";;
"POST,RaditPr62247076,Wed Dec 31 02:29:03 +0000 2025,""@abu_waras Di tempat sy jawa tengah yg maling kayu jati ya polisi hutanya sendiri ama cpk,,haduh"",https://x.com/RaditPr62247076/status/2006190836719980574,0";;
"POST,mediaindonesia,Tue Dec 30 15:50:00 +0000 2025,""Atas temuan tersebut, lanjut Pratama Adhyasastra, maka kepolisian terus melakukan pendalaman tersendiri, karena masalah SIM palsu itu menjadi perkara yang terpisah dengan kecelakaan terjadi di ruas tol yang menewaskan 16 penumpang.   https://t.co/jFSirUcTAH"",https://x.com/mediaindonesia/status/2006030016815956254,0";;
"POST,tribunjateng,Tue Dec 30 11:38:20 +0000 2025,""Daftar Pelanggaran Polisi Polda Jateng Selama 2025, Dari Kasus Sukatani Hingga AKBP Basuki   https://t.co/tz7ffvwoPi"",https://x.com/tribunjateng/status/2005966682146365871,0";;
"POST,mediaindonesia,Tue Dec 30 09:34:49 +0000 2025,""Atas temuan tersebut, lanjut Pratama Adhyasastra, maka kepolisian terus melakukan pendalaman tersendiri, karena masalah SIM palsu itu menjadi perkara yang terpisah dengan kecelakaan terjadi di ruas tol yang menewaskan 16 penumpang.   https://t.co/jFSirUdrqf"",https://x.com/mediaindonesia/status/2005935599103139929,0";;
"POST,HeryaniLisa,Sun Dec 28 13:27:47 +0000 2025,""@neVerAl0nely___ Polisi melakukan pengejaran dan pada 12 September 2017, petugas gabungan dari Polda Metro Jaya dan Polres menangkap ketiga pelaku di Grobogan, Jawa Tengah, saat mereka sedang karaoke dan foya-foya. Ini menunjukkan betapa santainya para pelaku setelah melakukan pembunuhan."",https://x.com/HeryaniLisa/status/2005269447918162257,1";;
"POST,parungkil,Sun Dec 28 08:41:28 +0000 2025,""@CNNIndonesia Di copot terus naik pangkat, seperti polisi yg di jawa tengah itu loh…"",https://x.com/parungkil/status/2005197395341226257,0";;
"POST,txtdarimaskael5,Fri Dec 26 16:10:42 +0000 2025,""gamma mati ditembak polisi,   difitnah pula pakai clurit stroberi.   pemfitnahnya termasuk pak Artanto masih eksis di Polda Jateng tanpa disidang dan tanpa dipenjara sama sekali.  siapa tahu pada lupa juga."",https://x.com/txtdarimaskael5/status/2004585674666836284,0";;
POST,RamaWinoto,Fri Dec 26 13:13:04 +0000 2025,Sepakat Damai Kasus Polisi Gadungan di Banyumas Mengarah ke Pencabutan Laporan https://t.co/EUf5OR8e4m,https://x.com/RamaWinoto/status/2004540971783188663,0;;
"POST,pikiran_rakyat,Thu Dec 25 12:49:02 +0000 2025,""Seorang pria berinisial HJ, warga Pekalongan, Jawa Tengah, ditangkap polisi setelah menembak seorang warga lanjut usia di sekitar kawasan Asrama Polisi (Aspol) Polrestabes Bandung, Jalan Sukajadi, Rabu (24/12).  Peristiwa bermula saat HJ yang tengah berlibur bersama istrinya https://t.co/nwffxukrw0"",https://x.com/pikiran_rakyat/status/2004172533139165549,1";;
POST,RamaWinoto,Thu Dec 25 10:32:42 +0000 2025,Minta Damai di Tengah Ancaman 7 Tahun Penjara Keluarga Tersangka Polisi Gadungan Temui Kuasa Hukum Korban https://t.co/AebzdiFGQF,https://x.com/RamaWinoto/status/2004138224667754842,0;;
"POST,MPN_Indonesia,Thu Dec 25 08:08:59 +0000 2025,""Polisi menetapkan GIF (22), sopir bus Cahaya Trans, sebagai tersangka dalam kecel*kaan maut di Simpang Susun Exit Tol Krapyak, Kota Semarang, Jawa Tengah, yang terjadi pada Senin (22/12/2025) dini hari.  #mpnindonesia #kotasemarang #jawatengah https://t.co/bWLsIdbZpZ"",https://x.com/MPN_Indonesia/status/2004102055737294878,0";;
"POST,tvOneNews,Wed Dec 24 17:50:34 +0000 2025,""Polisi menetapkan Gilang, sopir bus Cahaya Trans sebagai tersangka atas kecelakaan yang menew*skan 16 penumpang di Simpang Susun Krapyak, Semarang, Jawa Tengah (Jateng).   #HardNews_Viral #FlashOne #CariBeritaditvOne #BusCahayaTrans #JawaTengah #FO03 https://t.co/f78PiEM1OZ"",https://x.com/tvOneNews/status/2003886029737255197,1";;
"POST,elshinta_smg,Wed Dec 24 04:59:42 +0000 2025,""Polisi Daerah Jawa Tengah mengoptimalkan keamanan dan kenyamanan menjelang Natal dan Tahun Baru di berbagai Pos pelayanan dan Keamanan dengan  safety Hospitality  selama masa Libur,di awali oleh Kapolda Jawa Tengah Irjen Pol Ribut Hari Wibowo. #poldajateng #nataru2026 https://t.co/EuFgUvPHIv"",https://x.com/elshinta_smg/status/2003692034738258177,0";;
"POST,idx_channel,Tue Dec 23 16:01:26 +0000 2025,""Kecelakaan tragis terjadi di simpang susun Exit Tol Krapyak, Kota Semarang, Jawa Tengah, pada Senin (22/12/2025) dini hari.   Sebuah bus PO Cahaya Trans dengan nomor polisi B 7201 IV yang mengangkut 34 penumpang terguling setelah menabrak pembatas jalan.  Bus tersebut diketahui https://t.co/Yttb0IPgiM"",https://x.com/idx_channel/status/2003496178546327596,0";;
"POST,PolsekBndungan,Tue Dec 23 14:02:55 +0000 2025,""Kapolri Jenderal Polisi Listyo Sigit Prabowo memberikan penekanan khusus terhadap kewaspadaan cuaca ekstrem dan kesiapsiagaan penanganan bencana, khususnya di wilayah Jawa Tengah* Hal tersebut disampaikan Kapolri saat melakukan peninjauan di Stasiun Tawang, Minggu (21/12/2025). https://t.co/wSHrHE5zoi"",https://x.com/PolsekBndungan/status/2003466351504142773,0";;
POST,kepengNet,Tue Dec 23 11:48:41 +0000 2025,Kapolda Jawa Tengah Irjen Ribut Hari Wibowo mengatakan sopir cadangan Bus PO Cahaya Trans saat ini sudah ditahan oleh pihak kepolisian. Polisi melakukan tes urine kepada sang sopir. Belum diketahui secara rinci hasil tes urine tersebut. Sopir cadangan Bus PO Cahaya Trans https://t.co/4Vu0gDC5RH,https://x.com/kepengNet/status/2003432569770320095,0;;
"POST,tribunjateng,Tue Dec 23 06:31:22 +0000 2025,""BREAKING NEWS: Polri Pecat Briptu Rifki Sarandi, Polisi Pati yang Terlibat Perampokan Minimarket   https://t.co/3V8iA8lYUd"",https://x.com/tribunjateng/status/2003352717125877895,0";;
"POST,grok,Tue Dec 23 01:18:09 +0000 2025,""@Tymomaw @hitogami_ @intinyadeh Foto ini menampilkan Kombes Artanto (Kabid Humas Polda Jateng) dan polisi lain memegang senjata tajam, mungkin dalam acara seremonial. Diposting di thread kasus salah tangkap di Blora, dengan caption """"Beliau lagi"""" menyiratkan keterlibatannya berulang di isu kontroversial."",https://x.com/grok/status/2003273891905454151,0";;
POST,magruderjazz,Mon Dec 22 17:07:23 +0000 2025,dia lagi dia lagi nih si polisi jateng,https://x.com/magruderjazz/status/2003150387831013866,1;;
"POST,Jateng_Twit,Mon Dec 22 14:45:54 +0000 2025,""Polisi telah mengidentifikasi korban dalam kecelakaan bus PO Cahaya Trans di simpang susun Tol Krapyak, Kota Semarang.   Seluruh korban tewas dalam proses pemulasaraan jenazah dan sudah diidentifikasi Tim DVI Biddokkes Polda Jawa Tengah di kamar jenazah RSUD Kariadi Kota https://t.co/NpHbC3hMvd"",https://x.com/Jateng_Twit/status/2003114782271144099,2";;
"POST,Polsektenggaro1,Mon Dec 22 11:31:29 +0000 2025,""Semarang - Kapolri Jenderal Polisi Listyo Sigit Prabowo memberikan penekanan khusus terhadap kewaspadaan cuaca ekstrem dan kesiapsiagaan penanganan bencana, khususnya di wilayah Jawa Tengah. Hal tersebut disampaikan Kapolri saat melakukan peninjauan di Stasiun Tawang. https://t.co/OQ2GYnneA5"",https://x.com/Polsektenggaro1/status/2003065855945720013,0";;
"POST,kompascom,Mon Dec 22 10:47:30 +0000 2025,""Sopir bus PO Cahaya Trans ditangkap polisi setelah kecelakaan maut di Exit Tol Krapyak, Kota Semarang, Jawa Tengah, Senin (22/12/2025) dini hari. | #CahayaTrans   https://t.co/Gc6b2TEvnP"",https://x.com/kompascom/status/2003054784451055890,0";;
"POST,bekalicky,Mon Dec 22 10:31:49 +0000 2025,""@intinyadeh Kesalahan fatal masyarakat Jawa Tengah, ya, pilih purnawirawan Polisi jadi Gubernur. Alhasil anggota jadi abuse of power dan sembrono.  Pemulihan nama baik korban salah tangkap itu kecuali cuma tahan di sel polisi kemudian tidak terbukti.  Kalau obok2 kelaminnya itu pelecehan. https://t.co/vEHa8HWnHU"",https://x.com/bekalicky/status/2003050838730965170,0";;
"POST,grok,Mon Dec 22 08:26:01 +0000 2025,""@9od8lessme @saidalzou @intinyadeh Foto itu menunjukkan petugas Polda Jawa Tengah memegang celurit dengan pita merah, kemungkinan dari acara penyitaan senjata atau konferensi pers. Dalam thread, diposting dengan emoji muntah untuk menyatakan kejijikan terhadap polisi Jateng terkait kasus salah tangkap di Blora."",https://x.com/grok/status/2003019179046093191,0";;
"POST,hariankompas,Mon Dec 22 08:13:26 +0000 2025,""Kecelakaan Bus Cahaya Trans di jalan tol di Kota Semarang, Jawa Tengah, Senin (22/12/2025) dini hari, menyebabkan 16 orang tewas. Polisi telah merilis daftar nama korban kecelakaan itu. Jasa Raharja bakal menanggung biaya perawatan bagi korban selamat dan memberikan santunan bagi https://t.co/xLQIampImx"",https://x.com/hariankompas/status/2003016012434919605,1";;
"POST,TVRINasional,Mon Dec 22 08:11:38 +0000 2025,""Sebuah bus bernomor polisi B 7201 IV mengalami kecelakaan tunggal di Exit Tol Krapyak, Kota Semarang, Jawa Tengah, Senin (22/12/2025) sekitar pukul 00.30 WIB. Sebanyak 15 orang tewas akibat kecelakaan tersebut   #TVRI #TVRINasional #MediaPemersatuBangsa #Kecelakaan #Bekasi https://t.co/2Qp1JCXk2D"",https://x.com/TVRINasional/status/2003015560255426839,0";;
"POST,detikcom,Mon Dec 22 08:03:01 +0000 2025,""Polisi mengungkap identitas korban dalam kecelakaan bus PO Cahaya Trans di simpang susun Tol Krapyak, Kota Semarang, Jawa Tengah. Ada 16 korban tewas dan 8 lainnya luka.  &gt";&gt;" https://t.co/1fdvwptTRV https://t.co/SUjkqqgAvt"",https://x.com/detikcom/status/2003013390240030824,0"
POST,arifnurrachmann,Mon Dec 22 06:33:22 +0000 2025,@intinyadeh Polisi jateng emg built different. Nunggu endingnya besok gmn mereka2 ini kalo dah gak menjabat,https://x.com/arifnurrachmann/status/2002990832153198813,0;;
"POST,Metro_TV,Mon Dec 22 06:19:44 +0000 2025,""Kecelakaan maut PO Trans yang terjadi di ruas Tol Krapyak, Semarang, Senin dini hari, 22 Desember telah menewaskan 16 orang. Polisi telah mendirikan posko antemortem dan postmortem di RSUP dr Kariadi Semarang.  Kapolda Jawa Tengah Irjen Ribut Hari Wibowo mengatakan polisi masih https://t.co/JUD4K0qOx8"",https://x.com/Metro_TV/status/2002987399966773364,0";;
POST,Ara_Nazh,Mon Dec 22 05:47:55 +0000 2025,@Jateng_Twit Polisi Jateng sejak kematian gama kebuka semua belangnya.,https://x.com/Ara_Nazh/status/2002979394311360606,0;;
"POST,detikcom,Mon Dec 22 05:20:00 +0000 2025,""Polisi masih menyelidiki kecelakaan bus PO Cahaya Trans yang tewaskan 16 orang di Simpang Susun Exit Tol Krapyak, Kota Semarang, Jawa Tengah. https://t.co/hTLnSabKG9 https://t.co/oB9dMNgjKV"",https://x.com/detikcom/status/2002972366247530745,0";;
"POST,mulmedpoldajtg,Mon Dec 22 00:56:14 +0000 2025,""*Kapolri Jenderal Polisi Listyo Sigit Prabowo memberikan penekanan khusus terhadap kewaspadaan cuaca ekstrem dan kesiapsiagaan penanganan bencana, khususnya di wilayah Jawa Tengah*  https://t.co/bYet0uFi7C https://t.co/qLSjsXSane"",https://x.com/mulmedpoldajtg/status/2002905986957521244,0";;
"POST,poldajateng_,Mon Dec 22 00:55:14 +0000 2025,""*Kapolri Jenderal Polisi Listyo Sigit Prabowo memberikan penekanan khusus terhadap kewaspadaan cuaca ekstrem dan kesiapsiagaan penanganan bencana, khususnya di wilayah Jawa Tengah*  https://t.co/VssVbjcdR5 https://t.co/h4FDLylYnj"",https://x.com/poldajateng_/status/2002905735718715865,0";;
"POST,dollkonah,Sun Dec 21 13:18:44 +0000 2025,""Kapolri Tekankan Kewaspadaan Cuaca Ekstrem dan Kesiapsiagaan Penanganan Bencana Selama Nataru  Kapolri Jenderal Polisi Listyo Sigit Prabowo memberikan penekanan khusus terhadap kewaspadaan cuaca ekstrem dan kesiapsiagaan penanganan bencana, khususnya di wilayah Jawa Tengah. https://t.co/ixSX7QkFqe"",https://x.com/dollkonah/status/2002730458866647449,0";;
"POST,DivHumas_Polri,Sun Dec 21 06:34:26 +0000 2025,""Wakapolri Komjen Pol. Prof. Dr. Dedi Prasetyo, M. Si., mewakili Kapolri Jenderal Polisi Drs. Listyo Sigit Prabowo, M. Si., meresmikan kembali operasional pabrik garmen PT Wonghang Bersaudara bersama Akarsa Garmen Indonesia di Kabupaten Pemalang, Jawa Tengah. Peresmian ini https://t.co/ZHl6dJmFMy"",https://x.com/DivHumas_Polri/status/2002628711116648683,51";;
"POST,PolairJateng,Sat Dec 20 10:55:00 +0000 2025,""Kapal Polisi IX-1015 Pencarian Laka Air Sungai Lodji, Kampung Bugisan, Kel.Panjang Wetan, Pekalongan Utara, Utara Pompa Air Bugisan III, Kota Pekalongan Komandan KP IX-1015 Dit PolAirud Polda Jateng, Aipda Wahyoe Tri P #Arnavatdarphamahe#Salampresisi#infopoldajateng#poldajateng# https://t.co/lA6kk3w8nP"",https://x.com/PolairJateng/status/2002331898631036944,0";;
"POST,Polsektenggaro1,Sat Dec 20 05:21:02 +0000 2025,""Pemalang-Wakil Kepala Kepolisian Republik Indonesia (Wakapolri) Komisaris Jenderal Polisi Dedi Prasetyo menghadiri peresmian PT. Akarsa Garment Indonesia, yang kini resmi beroperasi di Kabupaten Pemalang, Jawa Tengah, Jumat (18/12/2025). https://t.co/b4hSYAr9pw"",https://x.com/Polsektenggaro1/status/2002247853805330825,0";;
"POST,PolairJateng,Fri Dec 19 09:53:42 +0000 2025,""Giat laporan POLISI PENOLONG KP.IX-1008 ( Kendal ) Dit Polairud Polda Jateng.   - Hari / Waktu : Jum'at, 19 Desember 2025, Pukul 10.00 Wib. - Tempat : Dermaga Kapal perikanan Birusari, Kel. Kalibuntu Wetan, Kec. Kendal Kota, Kab. Kendal. - Uraian :  Crew KP.IX-1008  membantu kapa https://t.co/B5ygH7j8PI"",https://x.com/PolairJateng/status/2001954082299474234,0";;
"POST,mediaindonesia,Fri Dec 19 09:01:33 +0000 2025,""Kepolisian Resor (Polres) Blora akhirnya mengakui adanya tindakan salah tangkap terhadap seorang pelajar berinisial RF, 16, dalam kasus dugaan pembuangan bayi. Pengakuan ini muncul setelah tim Propam Polda Jawa Tengah   https://t.co/B2w0DzDG0Z"",https://x.com/mediaindonesia/status/2001940958804631792,1";;
"POST,kumparan,Fri Dec 19 07:50:30 +0000 2025,""Seorang santri berinisial MMA (12) di pondok pesantren Wonogiri, Jawa Tengah, meninggal dalam kondisi tidak wajar dengan tubuh penuh lebam. Keluarga melaporkan kasus ini ke Polres Wonogiri, dan polisi melakukan ekshumasi untuk mengetahui penyebab kematian secara medis.   Kapolres https://t.co/2EaFIFAWIG"",https://x.com/kumparan/status/2001923078738362857,3";;
"POST,tribunjateng,Fri Dec 19 06:12:35 +0000 2025,""Kondisi Terkini Siswi SMA di Blora Korban Salah Tangkap Kasus Buang Bayi, Polisi Salah Prosedur?   https://t.co/dUfy2HAfn9"",https://x.com/tribunjateng/status/2001898438397694370,0";;
"POST,polsek_ambarawa,Thu Dec 18 16:09:54 +0000 2025,""Kapolsek Ambarawa AKP Ririh Widiastuti, SH, MH, Para Kanit &amp";" Kasi, mengikuti arahan Kapolda Jawa Tengah melalui zoom meeting di aula Polsek Ambarawa.  Lapor Kejadian - Bantuan Polisi, hubungi Call Center  ☎️  110 ( bebas pulsa).  #poldajateng #polressemarang #polsekambarawa https://t.co/rb26SrLzBX"",https://x.com/polsek_ambarawa/status/2001686368381239655,0";
"POST,IndiraNews,Thu Dec 18 12:26:43 +0000 2025,""Misteri dari pembunuhan Advokat Aris Munadi yang terkubur di hutan Kubangkangkung, Kawunganten, Kabupaten Cilacap, Jawa tengah kini mulai terkuak. Polisi menetapkan dua orang tersangka, kakak beradik berinisial S (43) dan J (36), warga Jeruklegi, Cilacap. https://t.co/ShNGsQpVEv"",https://x.com/IndiraNews/status/2001630201978196218,1";;
"POST,hariankompas,Thu Dec 18 10:30:00 +0000 2025,""Penangkapan sejumlah aktivis terkait demonstrasi pada 29 Agustus 2025 terus terjadi di sejumlah daerah, termasuk di Jawa Tengah. Yang terbaru, polisi menangkap tiga aktivis di Magelang, Jawa Tengah, dengan tuduhan menghasut orang lain untuk mengikuti demonstrasi. Lantas, apa https://t.co/PHqGK9gBlo"",https://x.com/hariankompas/status/2001600831397736605,0";;
POST,DtkViral,Wed Dec 17 16:32:20 +0000 2025,Peristiwa Polisi Dibacok 4 Pemuda di Pati Jawa Tengah menggegerkan warga. Simak kronologi lengkapnya di sini.  #Polisi #Polri #Viral #Trending #fypシ  https://t.co/0tzwJqbVon,https://x.com/DtkViral/status/2001329625591669143,0;;
"POST,IDNTimesJateng,Wed Dec 17 01:45:34 +0000 2025,""ODGJ di Klaten Dievakuasi Polisi, Sempat Ancam Orangtua Dengan Sajam https://t.co/UuYOjH7inC"",https://x.com/IDNTimesJateng/status/2001106465051099559,0";;
POST,bayuanggara08,Tue Dec 16 21:08:54 +0000 2025,@intinyadeh Polisi jateng ga abis abis pekoknya su,https://x.com/bayuanggara08/status/2001036838862205162,0;;
POST,rch1018,Tue Dec 16 16:22:36 +0000 2025,@intinyadeh Polisi jateng makin najisin. Ada apa sih disana,https://x.com/rch1018/status/2000964790563549460,0;;
POST,mayylnt,Tue Dec 16 12:31:12 +0000 2025,POLISI JAWA TENGAH LAGI BISA KERJA GA SE?,https://x.com/mayylnt/status/2000906556196712575,0;;
POST,PergiNgeteh,Tue Dec 16 10:23:50 +0000 2025,si wabup kakaknya polisi dan ini urusannya sama polda jateng..... semoga yang maha kuasa beserta alam semesta memberkati usaha korban dan keluarganya untuk mendapat keadilan 🙏🏻✨,https://x.com/PergiNgeteh/status/2000874500649546165,0;;
POST,TamagoFake,Tue Dec 16 01:49:22 +0000 2025,@intinyadeh polisi jateng ini kenapa hobi belok ya?,https://x.com/TamagoFake/status/2000745031880335596,0;;
"POST,kumparan,Tue Dec 16 01:00:01 +0000 2025,""Advokat asal Banyumas, Jawa Tengah, Aris Munadi ditemukan tak bernyawa dan dikuburkan di kawasan hutan Desa Kubangkangkung, Kecamatan Kawunganten, Kabupaten Cilacap. Polisi menetapkan dua kakak-beradik, Sayudi (43) dan Juwanto (36), sebagai tersangka pembunuhan berencana. Motif https://t.co/jfvpWPZyCB"",https://x.com/kumparan/status/2000732614660157450,0";;
POST,kumparan,Tue Dec 16 00:00:01 +0000 2025,Muhammad Adimas Firdaus Putra Nasihan alias Resbob akhirnya ditangkap polisi pada Senin (15/12) setelah sempat berupaya mengecoh aparat saat melarikan diri. Ia diamankan seorang diri di wilayah Jawa Tengah setelah dilakukan pengejaran oleh Polda Jawa Barat.  Kabid Humas Polda https://t.co/d6uEiALO9w,https://x.com/kumparan/status/2000717514540769403,11;;
"POST,mihumihu__11,Mon Dec 15 20:11:33 +0000 2025,""demi Allah marah bgt sama polisi jateng, tolol gasekolah kah lu bego, bukan wewenang lu nelanjangin, bawa ke RS visum, ngapain lo megang payudara sama vaginanya, polisi bego  @DivHumas_Polri liat nih anak buah lu yg tololll itu, makanya bikin seleksi yg bener"",https://x.com/mihumihu__11/status/2000660019537428829,0";;
POST,tvOneNews,Mon Dec 15 14:40:00 +0000 2025,Polisi ungkap konten kreator Adimas Firdaus alias Resbob sempat melarikan diri ke sejumlah tempat di Jawa Tengah dan Jawa Timur.  Selengkapnya di https://t.co/scLQUEBj1v #HardNews_Hukum #NewsOne #CariBeritaditvOne #Resbob #SukuSunda #Viking #PenghinaanSuku #NO01 https://t.co/rO4VFlck0K,https://x.com/tvOneNews/status/2000576579920175378,5;;
"POST,hiburansID,Mon Dec 15 14:29:11 +0000 2025,""Akhir Pelarian Daus Resbob Ditangkap Polisi Siber Polda Jabar di Semarang, Jawa Tengah, Senin (15/12/25).  #AdimasFirdaus #Resbob #Sunda #Viking #Persib https://t.co/Cear9XiPLb"",https://x.com/hiburansID/status/2000573857821012133,0";;
"POST,grok,Mon Dec 15 13:23:07 +0000 2025,""@Jessepinkmn10 @B3doel___ Resbob adalah nama panggilan Muhammad Adimas Firdaus Putra Nasihan, seorang YouTuber yang ditangkap polisi di Jawa Tengah karena dugaan ujaran kebencian dan penghinaan terhadap suku Sunda. Ia sempat mencoba kabur dan menitipkan ponsel ke pacarnya sebelum dibawa ke Polda Jabar."",https://x.com/grok/status/2000557234271461506,0";;
POST,saltingcaramel,Mon Dec 15 12:55:26 +0000 2025,kontol2 bgt polisi jateng,https://x.com/saltingcaramel/status/2000550265372713210,0;;
"POST,Kilat_com,Mon Dec 15 12:30:35 +0000 2025,""Resbob Akhirnya Ditangkap Polisi, Sempat Kabur ke Jawa Tengah  https://t.co/wG3vD3zFKu"",https://x.com/Kilat_com/status/2000544010608472323,0";;
"POST,elninovena,Mon Dec 15 11:22:55 +0000 2025,""Lagi lagi polisi Jateng, Blok"",https://x.com/elninovena/status/2000526984473161856,1";;
"POST,kumparan,Mon Dec 15 10:49:28 +0000 2025,""Muhammad Adimas Firdaus Putra Nasihan alias Resbob ditangkap polisi. """"Sudah diamankan hari ini,"""" kata Kabid Humas Polda Jawa Barat (Jabar), Kombes Pol Hendra Rochmawan, saat dihubungi, Senin (15/12).  Resbob ditangkap hari ini di kawasan Jawa Tengah. Hendra bilang, saat ini https://t.co/Ce36yRsKGD"",https://x.com/kumparan/status/2000518566022635891,27";;
"POST,tribunjateng,Mon Dec 15 08:39:25 +0000 2025,""Sosok Azka Rizki Fadholi, Siswa Jateng Meninggal Usai Dirisak Teman Sekolah: Polisi Jalan di Tempat   https://t.co/TCLxURDw9w"",https://x.com/tribunjateng/status/2000485836652212573,0";;
POST,honda_ayam,Mon Dec 15 04:27:59 +0000 2025,@skagawa099 @richyrich_id @karyadiii_ @intinyadeh @JukiHoki https://t.co/BrgNqrJA9z,https://x.com/honda_ayam/status/2000422560446710045,1;;
"POST,detikcom,Mon Dec 15 02:45:59 +0000 2025,""""""Informasi dari penyelidik, yang bersangkutan telah berpindah lagi ke arah barat yaitu Jawa Tengah,"""" ungkap Kabid Humas Polda Jawa Barat Kombes Hendra Rochmawan.  Via @detikjabar_  https://t.co/ZMqqb3A46J"",https://x.com/detikcom/status/2000396892765815115,1";;
"POST,tarja45601,Mon Dec 15 02:41:02 +0000 2025,""Polsek Geyer Polres Grobogan  Polda Jateng.  Polisi bukan hanya profesi, tapi juga pengabdian sepenuh hati untuk negara.  @poldajateng @polres_grobogan @kapolresgrobogan #harkamtibmas #polriuntukmasyarakat https://t.co/rYscVzMwJ6"",https://x.com/tarja45601/status/2000395648810860734,0";;
"POST,IDNTimesJateng,Mon Dec 15 00:46:11 +0000 2025,""Empat Orang Meninggal di dalam Mobil Ruas Tol Tegal, Polisi Tunggu Hasil Forensik https://t.co/a84imaclr9"",https://x.com/IDNTimesJateng/status/2000366743622127912,0";;
POST,coup_de_et4t,Sun Dec 14 16:25:40 +0000 2025,@iyokp97 @intinyadeh Emang sih. Tapi yg sering ketahuan ya polisi jateng dan sekali ketahuan ga kaleng2 bobroknya,https://x.com/coup_de_et4t/status/2000240783627350029,0;;
POST,simanusiaaneh,Sun Dec 14 15:57:02 +0000 2025,Polisi jateng tuh??? Dari planet mana yang ngga tau tes dna???????,https://x.com/simanusiaaneh/status/2000233581202014587,0;;
POST,coup_de_et4t,Sun Dec 14 13:13:47 +0000 2025,@intinyadeh Polisi jateng lagi jateng lagi. Di sana sarangnya polisi nganu ya,https://x.com/coup_de_et4t/status/2000192494592725268,2;;
"POST,liputan6dotcom,Sun Dec 14 13:00:10 +0000 2025,""Viral Polisi Diduga Salah Tangkap Gadis di Blora Usai Dituduh Buang Bayi, Ini Kata Polda Jateng  https://t.co/kKbDMd1cfH"",https://x.com/liputan6dotcom/status/2000189071365374205,6";;
POST,haloookarr,Sun Dec 14 10:33:38 +0000 2025,@intinyadeh polisi jateng lagiii anjir,https://x.com/haloookarr/status/2000152192775516288,0;;
"POST,grok,Sun Dec 14 10:33:06 +0000 2025,""@TheitsF68960 @Jateng_Twit Saya tidak setuju dengan kekerasan massa, rajam, atau pembantaian oleh orangtua korban. Kasus di Blora ini menunjukkan dugaan pelanggaran prosedur polisi terhadap gadis 16 tahun yang salah tuduh. Keluarga sudah lapor ke Propam Polda Jateng pada 11 Des 2025 untuk investigasi."",https://x.com/grok/status/2000152057626427617,1";;
POST,RudiMahendra45,Sun Dec 14 10:32:13 +0000 2025,@intinyadeh Polisi Jateng LAGI?,https://x.com/RudiMahendra45/status/2000151836419096864,0;;
POST,chaechwe,Sun Dec 14 10:18:34 +0000 2025,@intinyadeh polisi jateng tuh kenapa sih berulah mulu,https://x.com/chaechwe/status/2000148401384808690,0;;
"POST,intinyadeh,Sun Dec 14 10:17:50 +0000 2025,""Pihak keluarga nilai polisi udh sewenang2, aduin ke Propam Polda Jateng. Sertain hasil pemeriksaan RSUD yg nyatain RF gak pernah hamil &amp";" melahirkan.  Sempet ada usaha mediasi, salah satunya di kantor Bupati Blora brg Wabup. Dikasih sejumlah uang, keluarga gak mau terima.  (2/2)"",https://x.com/intinyadeh/status/2000148216579285183,44";
"POST,polsek_ambarawa,Sat Dec 13 17:32:53 +0000 2025,""Petugas Polsek Ambarawa melaksanakan pengamanan &amp";" monitoring kegiatan Anugerah Kebudayaan Jawa Tengah, di Beteng Fort Willem 1 Ambarawa.  Lapor Kejadian - Bantuan Polisi, hubungi Call Center ☎️ 110 (bebas pulsa).  #poldajateng #polressemarang #polsekambarawa #polriuntukmasyarakat https://t.co/HUvEjgU1Oa"",https://x.com/polsek_ambarawa/status/1999895311142309942,0";
"POST,KangJukiDua,Sat Dec 13 14:39:17 +0000 2025,""Tujuh Kepala BNNP Dilantik, Hanya Jawa Tengah yang Jaksa, Ada yang Belum Sebulan Berganti Jabatan - Ini Kebumen #KepalaBNNPJateng #jaksa #polisi  https://t.co/v75lIk2iiP"",https://x.com/KangJukiDua/status/1999851625754890567,0";;
"POST,KangJuki,Sat Dec 13 14:38:37 +0000 2025,""Tujuh Kepala BNNP Dilantik, Hanya Jawa Tengah yang Jaksa, Ada yang Belum Sebulan Berganti Jabatan - Ini Kebumen #KepalaBNNPJateng #jaksa #polisi  https://t.co/EWjbZzVJjV"",https://x.com/KangJuki/status/1999851456732782764,0";;
POST,Jateng_Twit,Sat Dec 13 14:32:48 +0000 2025,https://t.co/4k3nDfyX04,https://x.com/Jateng_Twit/status/1999849991922483425,0;;
"POST,kumparan,Sat Dec 13 13:30:00 +0000 2025,""Advokat asal Banyumas, Jawa Tengah, Aris Munadi, dibunuh dan jenazahnya dikubur di hutan Kabupaten Cilacap, tepatnya di Desa Kubangkangkung, Kecamatan Kawunganten. Polisi menyebut korban dibunuh di wilayah Kecamatan Jeruklegi, di area pemakaman warga.  Polresta Cilacap telah https://t.co/nxyi7AFOh8"",https://x.com/kumparan/status/1999834191052353994,5";;
"POST,PolairJateng,Sat Dec 13 08:58:59 +0000 2025,""Giat laporan POLISI PENOLONG KP.IX-1008 ( Kendal ) Dit Polairud Polda Jateng.   - Nama: AIPDA EKO PUDJIANTO  - Hari / Waktu : Sabtu, 13 Desember 2025, Pukul 07.30 Wib. - Tempat : Dermaga Kapal perikanan Birusari, Kel. Kalibuntu Wetan, Kec. Kendal Kota, Kab. Kendal. - Uraian : https://t.co/6LX2vBH2et"",https://x.com/PolairJateng/status/1999765983809183923,0";;
"POST,mutajir_mohamat,Fri Dec 12 15:38:22 +0000 2025,""@Jateng_Twit Halah taik, polisi Jateng lagi, emang banyak masalah itu polisi wilayah Jateng. Banyak mafianya."",https://x.com/mutajir_mohamat/status/1999504105493205382,1";;
"POST,IDNTimesJateng,Fri Dec 12 14:21:32 +0000 2025,""Empat Orang Meninggal di dalam Mobil Ruas Tol Tegal, Polisi Tunggu Hasil Forensik https://t.co/NITpbH9FUk"",https://x.com/IDNTimesJateng/status/1999484771949576636,0";;
"POST,GwynetaPertiwi,Fri Dec 12 12:31:28 +0000 2025,""polda Jateng bergerak cepat! Investigasi ini penting banget buat keadilan si remaja. Thank you, polisi https://t.co/4LoheqdhjA"",https://x.com/GwynetaPertiwi/status/1999457072451322038,0";;
"POST,RadioElshinta,Fri Dec 12 10:24:55 +0000 2025,""Polres Tegal bergerak cepat menyelidiki penemuan empat orang meninggal dunia di dalam sebuah minibus yang terparkir di Tol KM 284+800 arah Semarang. Hingga laporan ini disampaikan, polisi masih menunggu hasil autopsi dari Bidokes Polda Jateng yang telah dilakukan sejak kemarin https://t.co/4mgsqZNxH9"",https://x.com/RadioElshinta/status/1999425223532380399,0";;
"POST,tangguhniti,Fri Dec 12 08:11:34 +0000 2025,""@kumparan Polisi jateng meneh........ Gunernure polisi, polisine ngawur....  Gombal gombal"",https://x.com/tangguhniti/status/1999391665665229230,0";;
POST,mediamemanggil,Fri Dec 12 08:09:00 +0000 2025,https://t.co/oNWhGUFZsq,https://x.com/mediamemanggil/status/1999391020505772370,0;;
"POST,Ary_PrasKe2,Fri Dec 12 06:24:19 +0000 2025,""Polisi Jateng Rekayasa Kasus!  Polisi Jateng Salah Tangkap!!  Seorang gadis berusia 16 tahun di Kabupaten Blora, Jawa Tengah, diduga jadi korban salah tangkap aparat Polsek Jepon, Polres Blora. Anak petani itu dituduh melahirkan dan membuang bayinya pada April 2025 lalu.  Ibu https://t.co/N8MZjiNjbG"",https://x.com/Ary_PrasKe2/status/1999364673368653829,18";;
"POST,tribunjateng,Fri Dec 12 02:43:29 +0000 2025,""Di Pati, Pasien Gigitan Ular Bisa “Dirujuk” ke Kantor Polisi: Kisah Inspiratif Aiptu Pudiyanto   https://t.co/Iexmvj4yhS"",https://x.com/tribunjateng/status/1999309101118169377,0";;
POST,tribunjateng,Fri Dec 12 01:27:22 +0000 2025,Kronologi Anak Petani Korban Salah Tangkap Polisi Tolak Amplop Tebal dari Pejabat di Blora   https://t.co/QCosOtfZV3,https://x.com/tribunjateng/status/1999289944326701329,0;;
"POST,meronaterkini,Thu Dec 11 17:05:48 +0000 2025,""Sebanyak empat orang ditemukan meninggal dunia di dalam mobil Toyota bernomor polisi B 1973 KVA di KM 284+800 Tol Tegal, Jawa Tengah, pada Kamis (11/12).  #MERONA4D https://t.co/tVIHB1Y62x"",https://x.com/meronaterkini/status/1999163720426307741,0";;
POST,KompasData,Thu Dec 11 12:43:47 +0000 2025,Seorang anak di Blora diduga jadi korban pemeriksaan berlebihan oleh polisi setelah dituduh membuang bayi. Keluarganya melapor ke Bidang Propam Polda Jawa Tengah. #Polhuk #AdadiKompas  https://t.co/IZqRjXLFtI,https://x.com/KompasData/status/1999097781407875364,0;;
POST,hariankompas,Thu Dec 11 12:41:45 +0000 2025,Seorang anak di Blora diduga jadi korban pemeriksaan berlebihan oleh polisi setelah dituduh membuang bayi. Keluarganya melapor ke Bidang Propam Polda Jawa Tengah. #Polhuk #AdadiKompas  https://t.co/aqJvUqx5wu,https://x.com/hariankompas/status/1999097270101307728,0;;
"POST,IDNTimesJateng,Wed Dec 10 10:37:34 +0000 2025,""Polisi Gadungan Culik dan Peras Warga Banyumas, Dipaksa Bayar Rp5,5 Juta https://t.co/S8dY7ySban"",https://x.com/IDNTimesJateng/status/1998703631621829117,0";;
"POST,grok,Wed Dec 10 03:02:14 +0000 2025,""@MahaRajaNgibul @dhemit_is_back Kejadian ini terjadi di Perumahan Puri Baru Permai, Desa Puri, Kecamatan Pati, Kabupaten Pati, Jawa Tengah. Bayi perempuan ditemukan di tempat sampah di Jalan Tidar Raya 2 pada 8 Desember 2025. Kondisinya sehat, berat 2,355 kg, panjang 47 cm, dan sedang ditangani polisi untuk"",https://x.com/grok/status/1998589044671000932,0";;
POST,RamaWinoto,Tue Dec 09 02:22:44 +0000 2025,Diduga Diperas Oknum Polisi Banyumas Warga Purwokerto Lapor ke Propam Kredit Bank Dijadikan Alat Ancaman https://t.co/tCAOFNdvxG,https://x.com/RamaWinoto/status/1998216713679282432,0;;
POST,NusBhisma,Mon Dec 08 15:10:26 +0000 2025,@IDNPict Kegiatan penambangan di Jawa Tengah dilindungi polisi.,https://x.com/NusBhisma/status/1998047526029758511,0;;
"POST,suaramerdeka,Mon Dec 08 12:52:33 +0000 2025,""Dalam sidang beragenda pembacaan permohonan tersebut, perwakilan Polda Jawa Tengah dan Polrestabes Semarang tidak hadir dengan alasan surat kuasa. Sementara itu, Kompolnas tampak hadir mengikuti jalannya persidangan.  https://t.co/VXAaW76NmJ"",https://x.com/suaramerdeka/status/1998012825441362012,0";;
"POST,JackPerles61425,Mon Dec 08 07:33:21 +0000 2025,""Dumai  – polisi Evakuasi Pria yang ditemukan dalam kondisi lemas di sebuah area pemukiman di Kabupaten Sragen, Jawa Tengah, berhasil dievakuasi oleh tim https://t.co/ez8wYoGXc0"",https://x.com/JackPerles61425/status/1997932495216726115,0";;
POST,IDNPict,Sun Dec 07 23:18:16 +0000 2025,Polisi menjadi beking kegiatan tambang di Jawa Tengah. https://t.co/Dc5GulLJtP,https://x.com/IDNPict/status/1997807903122874800,1;;
POST,cilacapupdate1,Sun Dec 07 08:01:40 +0000 2025,Warga Sokaraja Rubungan dengan Polisi Keamanan Lingkungan Jadi Prioritas https://t.co/OSZ9CxKnXe,https://x.com/cilacapupdate1/status/1997577235465966022,0;;
POST,cilacapupdate1,Sun Dec 07 08:01:15 +0000 2025,Polisi Masuk TK Program PSA Bhabinkamtibmas Sumpiuh Bikin Anak Tak Takut Polisi Lagi https://t.co/teCDugiZ6m,https://x.com/cilacapupdate1/status/1997577127806529862,0;;
POST,hi_tyongie,Sun Dec 07 03:42:02 +0000 2025,Something wrong with polisi jateng,https://x.com/hi_tyongie/status/1997511894589116798,0;;
POST,PutriNisa1983,Sat Dec 06 12:36:02 +0000 2025,Mf polisi d bayar brp SM pejabat Jawa Tengah utk memeriksa org halangi aktivitas tambang di gunung.bapak mau kejadian bencana kaya di Sumatera tiba2 BPK LG kerja trus keluarga BPK menjadi korban bencana gara2 org yang tambang  digunung.,https://x.com/PutriNisa1983/status/1997283892169212348,0;;
"POST,mediaindonesia,Sat Dec 06 11:30:00 +0000 2025,""Wu Lili, warga negara asing (WNA) asal Tiongkok yang menabrak dua mahasiswi di Semarang, Jawa Tengah, hingga kini belum ditetapkan sebagai tersangka. Padahal satu di antara korban yang ditabrak meninggal dunia. https://t.co/6Od7BZLh7J"",https://x.com/mediaindonesia/status/1997267276186501509,2";;
"POST,tribunjateng,Sat Dec 06 08:42:32 +0000 2025,""Drama Ibu dan Anak di Magelang Diculik Komplotan Debt Collector, Sempat Kejar-kejaran dengan Polisi   https://t.co/gnTdiDaxuw"",https://x.com/tribunjateng/status/1997225132809728022,0";;
"POST,tribunjateng,Fri Dec 05 14:58:39 +0000 2025,""WNA Wu Lili Belum Ditahan Usai Kecelakaan yang Menewaskan 1 Mahasiswi Semarang, Polisi: Kooperatif   https://t.co/bF40msGpAi"",https://x.com/tribunjateng/status/1996957395193364558,0";;
"POST,UpdateNasional1,Fri Dec 05 08:51:24 +0000 2025,""Sunanto warga Gandrungmangu, Cilacap, Jawa Tengah, ditangkap polisi setelah mengaku membunuh Putri Wijayanti di sebuah hotel.  🔔 Ikuti Update Di WA ➞ https://t.co/AyQMVmJAva  📰 Cek Berita Lengkapnya ➞ https://t.co/wVDmn83jqI   Bobo Jumat Malang Reno mwxt Kamis MIKIR KIDS"",https://x.com/UpdateNasional1/status/1996864976083177588,0";;
"POST,kkkkkintama,Fri Dec 05 07:11:41 +0000 2025,""@hammsqi """"...di Semarang"""" ya jangan berharap banyak, kek gak tau polisi jateng busuknya kek gimana aja"",https://x.com/kkkkkintama/status/1996839881436471752,0";;
POST,IndonesiaCrowd,Fri Dec 05 05:00:41 +0000 2025,Polda Jateng pecat perwira polisi yang terbukti tinggal serumah dengan perempuan tanpa perkawinan https://t.co/eb5229Zpdn,https://x.com/IndonesiaCrowd/status/1996806912424153189,0;;
"POST,seksangkulirang,Thu Dec 04 13:54:57 +0000 2025,""Kapolri Jenderal Polisi Drs. Listyo Sigit Prabowo, https://t.co/UOcdluFTij., bersama Panglima TNI Jenderal TNI Agus Subiyanto, S.E., https://t.co/UOcdluFTij., memimpin wisuda prajurit taruna Akademi TNI dan Bhayangkara Taruna Akpol di Magelang, Jawa Tengah, Jumat (28/11). https://t.co/EHtOGeyT24"",https://x.com/seksangkulirang/status/1996578976069030387,0";;
"POST,bxpl_,Thu Dec 04 13:00:25 +0000 2025,""@Divpropam Gimana soal Polda Jateng yg rajin nangkepin aktivis lingkungan???? Polisi Sengkuni, Penuh keMunafikan."",https://x.com/bxpl_/status/1996565254697091497,0";;
POST,trinugroho162,Thu Dec 04 12:19:11 +0000 2025,@Dandhy_Laksono Polisi Jateng yth @ahriesonta @Divpropam  Tolong dong pak.,https://x.com/trinugroho162/status/1996554876692873445,0;;
POST,ANTARA_JATENG,Thu Dec 04 09:57:50 +0000 2025,Perwira polisi Polda Jateng dipecat terkait kasus kematian perempuan dosen  #oknumpolisi #dosen #kriminal #beritaTerkini https://t.co/NeB7vHxtSv,https://x.com/ANTARA_JATENG/status/1996519303760498947,0;;
POST,cilacapupdate1,Thu Dec 04 05:38:26 +0000 2025,Sarang Tawon Vespa Ancam Warga Kedungpring Polisi dan Damkar Lakukan Ini https://t.co/a6ZI3yTCZk,https://x.com/cilacapupdate1/status/1996454022795145485,0;;
"POST,suaramerdeka,Thu Dec 04 01:57:24 +0000 2025,""Dipanggil Polisi Terkait Perkara Tambang, Ketua JMPPK Mengaku Tak Gentar dan Akan Ikuti Prosedur  https://t.co/PdMoTPKsDB"",https://x.com/suaramerdeka/status/1996398400938574249,0";;
"POST,kumparan,Wed Dec 03 10:41:48 +0000 2025,""Kasus kematian dosen hukum pidana Untag Semarang, Dwinanda Linchia Levi (35), pada Senin (17/11) membuat geger para kolega dan mahasiswanya.  Levi ditemukan tewas tanpa busana dan berada satu kamar bersama perwira polisi Polda Jateng. AKBP Basuki (56). Seperti apa kronologinya? https://t.co/9XTzQ3U76d"",https://x.com/kumparan/status/1996167980674342999,0";;
POST,_fendy_,Wed Dec 03 02:57:45 +0000 2025,@FNKSDA Polisi Jawa Tengah lagi...,https://x.com/_fendy_/status/1996051198252908887,0;;
POST,MatHasanaja,Tue Dec 02 23:51:39 +0000 2025,@Jateng_Twit Polisi Jateng ya ? Gak kaget sih.,https://x.com/MatHasanaja/status/1996004365547831765,0;;
"POST,ArahJuang,Tue Dec 02 13:16:32 +0000 2025,""Hingga kini penangkapan terhadap aktivis terus terjadi. Penangkapan terbaru adalah terhadap Dera dan Munif, aktivis WALHI Jawa Tengah. Penangkapan ini menambah daftar seribuan aktivis dan massa aksi yang dikriminalisasi sebelumnya.   Bertolak belakang dengan itu, polisi pembunuh https://t.co/aCUmpYPg7p"",https://x.com/ArahJuang/status/1995844533628928480,2";;
"POST,tribunjogja,Tue Dec 02 09:00:03 +0000 2025,""Residivis berinisial NH alias Gendut (52), asal Kartasura, Sukoharjo, Jawa Tengah, dibekuk polisi usai mencuri uang di kotak infak Masjid Al-Ihklas, Wirokerten, Kapanewon Banguntapan, Kabupaten Bantul  https://t.co/A5rplujlM7"",https://x.com/tribunjogja/status/1995779987589460268,1";;
POST,BiddokkesJateng,Tue Dec 02 07:04:24 +0000 2025,2 Desember 2025 Biddokkes Polda Jawa Tengah  Melaksanakan Giat Pemeriksaan Kesehatan Seleksi Sekolah Inspektur Polisi (SIP) Angkatan 55 dan 56 TA 2024. https://t.co/DIi1gExbgp,https://x.com/BiddokkesJateng/status/1995750881380499670,0;;
"POST,PolsekKaliorang,Tue Dec 02 06:13:33 +0000 2025,""Kapolri Jenderal Polisi Drs. Listyo Sigit Prabowo, https://t.co/DG1gIf0ycz., bersama Panglima TNI Jenderal TNI Agus Subiyanto, S.E., https://t.co/DG1gIf0ycz., memimpin wisuda prajurit taruna Akademi TNI dan Bhayangkara Taruna Akpol di Magelang, Jawa Tengah, Jumat (28/11). . https://t.co/ptnF9gOm1R"",https://x.com/PolsekKaliorang/status/1995738088459374936,0";;
"POST,tribunjateng,Mon Dec 01 11:23:35 +0000 2025,""Kepala Desa Bedono Demak Berinisial AS Digerebek Warga Diduga Selingkuh, Polisi: Salah Paham https://t.co/yjEjBDYIl4"",https://x.com/tribunjateng/status/1995453722223054931,0";;
"POST,tribunjateng,Mon Dec 01 11:03:24 +0000 2025,""Sindikat Pemerasan di Banyumas, Pelaku Nyaru Polisi, Korban Dipaksa Akui Jadi Bandar  https://t.co/zwOFDM2Uy7"",https://x.com/tribunjateng/status/1995448641666830720,0";;
"POST,PolairJateng,Mon Dec 01 09:12:52 +0000 2025,""Giat laporan POLISI PENOLONG KP.IX-1008 ( Kendal ) Dit Polairud Polda Jateng.   - Nama: AIPDA EKO PUDJIANTO  - Hari / Waktu : Senin, 01 Desember 2025, Pukul 01.30 Wib. - Tempat : Dermaga Kapal perikanan Bandengan, Kel. Bandengan, Kec. Kendal Kota, Kab. Kendal. - Uraian : Aipda https://t.co/QfWiQTPDUi"",https://x.com/PolairJateng/status/1995420826708156812,0";;
"POST,kompascom,Mon Dec 01 05:30:48 +0000 2025,""Potensi kemacetan di sekitar exit tol Prambanan, Kabupaten Sleman, Jawa Tengah, jelang libur Natal 2025 dan Tahun Baru 2026 membuat Korlantas Polri menyiapkan rekayasa jalur sejak jauh hari.  Baca Selengkapnya 👇🏻 https://t.co/ohp4XUNSyf   ~NA #Nataru2025 #RekayasaLalin #Polri https://t.co/N4LuMotoTy"",https://x.com/kompascom/status/1995364940518166875,1";;
"POST,KompasOtomotif,Mon Dec 01 05:20:28 +0000 2025,""Potensi kemacetan di sekitar exit tol Prambanan, Kabupaten Sleman, Jawa Tengah, jelang libur Natal 2025 dan Tahun Baru 2026 membuat Korlantas Polri menyiapkan rekayasa jalur sejak jauh hari.  Baca Selengkapnya 👇🏻 https://t.co/M1UBgG8WMK   ~NA #Nataru2025 #RekayasaLalin #Polri https://t.co/JX93m2HJMK"",https://x.com/KompasOtomotif/status/1995362338107806132,0";;
POST,tarja45601,Mon Dec 01 00:24:30 +0000 2025,#Polri #Polisi #Polres-grobogan #Kapolres-grobogan @Polda-jateng @Bidpropam_polda_jateng @PolriUntukMasyakat https://t.co/4fVWB7TDKa,https://x.com/tarja45601/status/1995287858828251494,0;;
"POST,DivHumas_Polri,Sun Nov 30 08:12:24 +0000 2025,""Kapolri Jenderal Polisi Drs. Listyo Sigit Prabowo, M. Si., bersama Panglima TNI Jenderal TNI Agus Subiyanto, S.E., M. Si., memimpin wisuda prajurit taruna Akademi TNI dan Bhayangkara Taruna Akpol di Magelang, Jawa Tengah, Jumat (28/11). Kapolri menegaskan bahwa sinergi TNI–Polri https://t.co/q1Pj6zSibC"",https://x.com/DivHumas_Polri/status/1995043222146748716,41";;
POST,didiek_murdock,Sat Nov 29 17:07:57 +0000 2025,:: Masih percaya POLISI.? Coba tanyakan ke warga Wadas Jawa Tengah. Tanah warisan leluhur yg sdh lama ditempati diambil paksa demi proyek Andesit tanpa ganti rugi. Melawan.? Maka aparat akan menghajarmu.! Inilah INDONESIA kita sekarang.  Diam ditindas atau Bangkit Melawan.? •• https://t.co/TIH8G1OO2U,https://x.com/didiek_murdock/status/1994815606038958378,3;;
"POST,poldajateng_,Fri Nov 28 13:09:51 +0000 2025,""Momen haru anggota Polisi Polda Jateng yang telah selesai melaksanakan tugas membantu evakuasi korban bencana tanah longsor di Dusun Situkung Desa Pandanarum Kec pandanarum Kab Banjarnegara.  Selamat tinggal, ini bukanlah akhir dari segalanya, tapi awal https://t.co/ejX2vicMMU"",https://x.com/poldajateng_/status/1994393298786816016,2";;
POST,tarja45601,Fri Nov 28 02:55:28 +0000 2025,#Polri #Polisi #Polres-grobogan #Kapolres-grobogan @Polda-jateng @Bidpropam_polda_jateng @PolriUntukMasyakat https://t.co/54ZUKyffcR,https://x.com/tarja45601/status/1994238686150508955,0;;
POST,RonaJateng5,Thu Nov 27 06:31:51 +0000 2025,Polisi Tangkap Pembuat Rekening Bodong di Bank Jateng yang Pakai Data Orang Lain https://t.co/excLcmG9Gj,https://x.com/RonaJateng5/status/1993930754255106280,0;;
"POST,tarja45601,Thu Nov 27 02:57:05 +0000 2025,""Polsek Geyer Polres Grobogan  Polda Jateng.  guna meningkatkan kedisiplinan serta menjaga marwah institusi, Polsek Geyer Polres Grobogan menggelar Operasi Penegakan dan Penertiban Disiplin (Gaktibplin) kepada seluruh personel, bertempat di Mako Polsek Geyer.  #Polri #Polisi https://t.co/BVUno6ftPk"",https://x.com/tarja45601/status/1993876705984041339,0";;
"POST,RonaJateng5,Wed Nov 26 16:10:15 +0000 2025,""Ramp Check di Demak, Polisi Pastikan Kendaraan dan Pengemudi Layak Jalan https://t.co/BOuu87DTPN"",https://x.com/RonaJateng5/status/1993713923313525144,0";;
"POST,hariankompas,Wed Nov 26 13:42:38 +0000 2025,""Kasus kematian DLL alias Levi, dosen Untag Semarang, naik statusnya dari penyelidikan menjadi penyidikan. Polisi meyakini ada dugaan kelalaian dalam kematian itu. #Kriminalitas #AdadiKompas  https://t.co/xgvk49ylIH"",https://x.com/hariankompas/status/1993676773008044161,1";;
"POST,KompasData,Wed Nov 26 13:41:09 +0000 2025,""Kasus kematian DLL alias Levi, dosen Untag Semarang, naik statusnya dari penyelidikan menjadi penyidikan. Polisi meyakini ada dugaan kelalaian dalam kematian itu. #Kriminalitas #AdadiKompas  https://t.co/lRaTuSxQnP"",https://x.com/KompasData/status/1993676402021830687,0";;
"POST,PolairJateng,Wed Nov 26 10:27:36 +0000 2025,""Kapal Polisi IX-1015  Binmas dan Himbauan tentang Sosialisasi pencegahan terjadinya kebakaran kapal.  Komandan KP IX-1015 Dit PolAirud Polda Jateng, Aipda Wahyoe Tri P #Arnavatdarphamahe#Salampresisi#infopoldajateng#poldajateng#polairud#BimasNelayan https://t.co/AQ6TA4xZ7o"",https://x.com/PolairJateng/status/1993627694643466440,0";;
POST,Polsekpucakwan1,Wed Nov 26 09:34:24 +0000 2025,Begini adab para Polisi yang bertugas pasca pertolongan dan penyelamatan warga terdampak bencana Pandanarum Banjarnegara Jawa Tengah.  #PolriUntukMasyarakat #PolriTanggapBencana https://t.co/gCXe4Ac4na,https://x.com/Polsekpucakwan1/status/1993614306823557495,0;;
"POST,PolairJateng,Wed Nov 26 08:37:11 +0000 2025,""Giat laporan POLISI PENOLONG KP.IX-1008 ( Kendal ) Dit Polairud Polda Jateng.   - Nama: AIPDA EKO PUDJIANTO dan BRIPDA GATOT SUSILO - Hari / Waktu : Rabuu, 26 November 2025, pukul 11.30 Wib. - Tempat : SPBN Bandengan, Kel. Bandengan, Kec. Kendal Kota, Kab. Kendal. - U licin. https://t.co/ZirciIwBTO"",https://x.com/PolairJateng/status/1993599906758455659,0";;
