text;topic
Aksi begal di Pemalang meresahkan pengguna jalan malam.;kriminal
Perbaikan jembatan di Ungaran menyebabkan antrean panjang.;lalu_lintas
Sosialisasi aplikasi pelayanan publik Polri di Ungaran.;pelayanan
Bantuan sembako disalurkan polisi untuk korban banjir di Purwokerto.;sosial
Kisah inspiratif polisi yang mengajar anak-anak di Blora.;lainnya
Kasus penipuan online marak menyerang warga Cilacap.;kriminal
Kecelakaan beruntun melibatkan bus di jalur Klaten.;lalu_lintas
Persyaratan pembuatan SKCK di Polres Brebes cukup mudah.;pelayanan
Penyuluhan bahaya radikalisme kepada pemuda desa Kudus.;sosial
Event lari bersama warga di stadion Surakarta berlangsung meriah.;lainnya
Tim Resmob berhasil meringkus pelaku jambret di Ungaran.;kriminal
Himbauan keselamatan berkendara di jalan raya Banyumas.;lalu_lintas
Panduan lapor kehilangan barang di wilayah Pemalang.;pelayanan
Bantuan sembako disalurkan polisi untuk korban banjir di Purbalingga.;sosial
Kisah inspiratif polisi yang mengajar anak-anak di Kudus.;lainnya
Aksi begal di Surakarta meresahkan pengguna jalan malam.;kriminal
Perbaikan jembatan di Rembang menyebabkan antrean panjang.;lalu_lintas
Sosialisasi aplikasi pelayanan publik Polri di Banjarnegara.;pelayanan
Bantuan sembako disalurkan polisi untuk korban banjir di Purworejo.;sosial
Kisah inspiratif polisi yang mengajar anak-anak di Demak.;lainnya
Aksi begal di Semarang meresahkan pengguna jalan malam.;kriminal
Perbaikan jembatan di Blora menyebabkan antrean panjang.;lalu_lintas
Panduan lapor kehilangan barang di wilayah Pemalang.;pelayanan
Penyuluhan bahaya radikalisme kepada pemuda desa Salatiga.;sosial
Suasana sore hari yang tenang di alun-alun Jepara.;lainnya
Terjadi aksi pencurian motor di daerah Brebes.;kriminal
Himbauan keselamatan berkendara di jalan raya Karanganyar.;lalu_lintas
Ruang pelayanan di Polsek Wonogiri kini lebih nyaman.;pelayanan
Demo mahasiswa di depan gedung DPRD Banjarnegara berjalan damai.;sosial
Pasar tradisional di Rembang mulai ramai pengunjung.;lainnya
Ditemukan korban pembunuhan di pinggir jalan Pekalongan.;kriminal
Perbaikan jembatan di Wonogiri menyebabkan antrean panjang.;lalu_lintas
Persyaratan pembuatan SKCK di Polres Sukoharjo cukup mudah.;pelayanan
Demo mahasiswa di depan gedung DPRD Pekalongan berjalan damai.;sosial
Suasana sore hari yang tenang di alun-alun Solo.;lainnya
Terjadi aksi pencurian motor di daerah Wonogiri.;kriminal
Perbaikan jembatan di Karanganyar menyebabkan antrean panjang.;lalu_lintas
Sosialisasi aplikasi pelayanan publik Polri di Boyolali.;pelayanan
Warga gotong royong bersama polisi membersihkan selokan Grobogan.;sosial
Suasana sore hari yang tenang di alun-alun Klaten.;lainnya
Tim Resmob berhasil meringkus pelaku jambret di Demak.;kriminal
Perbaikan jembatan di Boyolali menyebabkan antrean panjang.;lalu_lintas
Masyarakat mengapresiasi kemudahan administrasi di Polres Jepara.;pelayanan
Pengamanan ibadah minggu di gereja-gereja wilayah Semarang.;sosial
Cuaca hari ini diperkirakan hujan di seputar Batang.;lainnya
Ditemukan korban pembunuhan di pinggir jalan Kebumen.;kriminal
Kecelakaan beruntun melibatkan bus di jalur Wonosobo.;lalu_lintas
Masyarakat mengapresiasi kemudahan administrasi di Polres Solo.;pelayanan
Demo mahasiswa di depan gedung DPRD Banjarnegara berjalan damai.;sosial
Potret kebersamaan warga saat ronda malam di Sragen.;lainnya
Kasus penipuan online marak menyerang warga Batang.;kriminal
Himbauan keselamatan berkendara di jalan raya Grobogan.;lalu_lintas
Ruang pelayanan di Polsek Banjarnegara kini lebih nyaman.;pelayanan
Pengamanan ibadah minggu di gereja-gereja wilayah Wonosobo.;sosial
Pasar tradisional di Tegal mulai ramai pengunjung.;lainnya
Ditemukan korban pembunuhan di pinggir jalan Semarang.;kriminal
Perbaikan jembatan di Tegal menyebabkan antrean panjang.;lalu_lintas
Persyaratan pembuatan SKCK di Polres Surakarta cukup mudah.;pelayanan
Kegiatan Jumat Berkah pembagian makanan di masjid Karanganyar.;sosial
Event lari bersama warga di stadion Kudus berlangsung meriah.;lainnya
Polisi berhasil menangkap pengedar narkoba di Demak.;kriminal
Himbauan keselamatan berkendara di jalan raya Sukoharjo.;lalu_lintas
Ruang pelayanan di Polsek Purbalingga kini lebih nyaman.;pelayanan
Warga gotong royong bersama polisi membersihkan selokan Purworejo.;sosial
Potret kebersamaan warga saat ronda malam di Surakarta.;lainnya
Polisi berhasil menangkap pengedar narkoba di Pekalongan.;kriminal
Kecelakaan beruntun melibatkan bus di jalur Boyolali.;lalu_lintas
Sosialisasi aplikasi pelayanan publik Polri di Batang.;pelayanan
Penyuluhan bahaya radikalisme kepada pemuda desa Batang.;sosial
Event lari bersama warga di stadion Cilacap berlangsung meriah.;lainnya
Aksi begal di Kendal meresahkan pengguna jalan malam.;kriminal
Kecelakaan beruntun melibatkan bus di jalur Rembang.;lalu_lintas
Persyaratan pembuatan SKCK di Polres Pekalongan cukup mudah.;pelayanan
Demo mahasiswa di depan gedung DPRD Kudus berjalan damai.;sosial
Event lari bersama warga di stadion Salatiga berlangsung meriah.;lainnya
Kasus penipuan online marak menyerang warga Pati.;kriminal
Lampu merah di persimpangan Cilacap mati total.;lalu_lintas
Panduan lapor kehilangan barang di wilayah Sukoharjo.;pelayanan
Penyuluhan bahaya radikalisme kepada pemuda desa Kudus.;sosial
Cuaca hari ini diperkirakan hujan di seputar Karanganyar.;lainnya
Aksi begal di Klaten meresahkan pengguna jalan malam.;kriminal
Razia knalpot brong digelar serentak di wilayah Magelang.;lalu_lintas
Panduan lapor kehilangan barang di wilayah Sukoharjo.;pelayanan
Pengamanan ibadah minggu di gereja-gereja wilayah Temanggung.;sosial
Event lari bersama warga di stadion Wonosobo berlangsung meriah.;lainnya
Ditemukan korban pembunuhan di pinggir jalan Sragen.;kriminal
Razia knalpot brong digelar serentak di wilayah Solo.;lalu_lintas
Ruang pelayanan di Polsek Karanganyar kini lebih nyaman.;pelayanan
Pengamanan ibadah minggu di gereja-gereja wilayah Banjarnegara.;sosial
Potret kebersamaan warga saat ronda malam di Semarang.;lainnya
Kasus penipuan online marak menyerang warga Surakarta.;kriminal
Perbaikan jembatan di Kudus menyebabkan antrean panjang.;lalu_lintas
Ruang pelayanan di Polsek Rembang kini lebih nyaman.;pelayanan
Kegiatan Jumat Berkah pembagian makanan di masjid Demak.;sosial
Potret kebersamaan warga saat ronda malam di Sragen.;lainnya
Aksi begal di Banyumas meresahkan pengguna jalan malam.;kriminal
Himbauan keselamatan berkendara di jalan raya Jepara.;lalu_lintas
Sosialisasi aplikasi pelayanan publik Polri di Salatiga.;pelayanan
Kegiatan Jumat Berkah pembagian makanan di masjid Purwokerto.;sosial
Suasana sore hari yang tenang di alun-alun Pekalongan.;lainnya
Aksi begal di Batang meresahkan pengguna jalan malam.;kriminal
Lampu merah di persimpangan Purwokerto mati total.;lalu_lintas
Ruang pelayanan di Polsek Brebes kini lebih nyaman.;pelayanan
Pengamanan ibadah minggu di gereja-gereja wilayah Kendal.;sosial
Potret kebersamaan warga saat ronda malam di Cilacap.;lainnya
Tim Resmob berhasil meringkus pelaku jambret di Karanganyar.;kriminal
Perbaikan jembatan di Surakarta menyebabkan antrean panjang.;lalu_lintas
Persyaratan pembuatan SKCK di Polres Temanggung cukup mudah.;pelayanan
Bantuan sembako disalurkan polisi untuk korban banjir di Blora.;sosial
Pasar tradisional di Klaten mulai ramai pengunjung.;lainnya
Ditemukan korban pembunuhan di pinggir jalan Magelang.;kriminal
Lampu merah di persimpangan Boyolali mati total.;lalu_lintas
Masyarakat mengapresiasi kemudahan administrasi di Polres Tegal.;pelayanan
Penyuluhan bahaya radikalisme kepada pemuda desa Banjarnegara.;sosial
Suasana sore hari yang tenang di alun-alun Wonogiri.;lainnya
Ditemukan korban pembunuhan di pinggir jalan Salatiga.;kriminal
Lalu lintas menuju Klaten macet total karena genangan air.;lalu_lintas
Jadwal SIM keliling hari ini berlokasi di balai kota Boyolali.;pelayanan
Bantuan sembako disalurkan polisi untuk korban banjir di Temanggung.;sosial
Pasar tradisional di Salatiga mulai ramai pengunjung.;lainnya
Ditemukan korban pembunuhan di pinggir jalan Sragen.;kriminal
Lalu lintas menuju Rembang macet total karena genangan air.;lalu_lintas
Ruang pelayanan di Polsek Grobogan kini lebih nyaman.;pelayanan
Bantuan sembako disalurkan polisi untuk korban banjir di Semarang.;sosial
Cuaca hari ini diperkirakan hujan di seputar Kendal.;lainnya
Kasus penipuan online marak menyerang warga Banjarnegara.;kriminal
Kecelakaan beruntun melibatkan bus di jalur Banyumas.;lalu_lintas
Panduan lapor kehilangan barang di wilayah Wonosobo.;pelayanan
Kegiatan Jumat Berkah pembagian makanan di masjid Semarang.;sosial
Cuaca hari ini diperkirakan hujan di seputar Cilacap.;lainnya
Tim Resmob berhasil meringkus pelaku jambret di Solo.;kriminal
Lalu lintas menuju Kudus macet total karena genangan air.;lalu_lintas
Sosialisasi aplikasi pelayanan publik Polri di Pemalang.;pelayanan
Pengamanan ibadah minggu di gereja-gereja wilayah Magelang.;sosial
Suasana sore hari yang tenang di alun-alun Cilacap.;lainnya
Terjadi aksi pencurian motor di daerah Cilacap.;kriminal
Razia knalpot brong digelar serentak di wilayah Pekalongan.;lalu_lintas
Persyaratan pembuatan SKCK di Polres Kendal cukup mudah.;pelayanan
Warga gotong royong bersama polisi membersihkan selokan Sragen.;sosial
Potret kebersamaan warga saat ronda malam di Rembang.;lainnya
Kasus penipuan online marak menyerang warga Tegal.;kriminal
Lalu lintas menuju Magelang macet total karena genangan air.;lalu_lintas
Jadwal SIM keliling hari ini berlokasi di balai kota Banyumas.;pelayanan
Bantuan sembako disalurkan polisi untuk korban banjir di Karanganyar.;sosial
Kisah inspiratif polisi yang mengajar anak-anak di Batang.;lainnya
Terjadi aksi pencurian motor di daerah Grobogan.;kriminal
Lampu merah di persimpangan Purworejo mati total.;lalu_lintas
Persyaratan pembuatan SKCK di Polres Jepara cukup mudah.;pelayanan
Pengamanan ibadah minggu di gereja-gereja wilayah Wonogiri.;sosial
Kisah inspiratif polisi yang mengajar anak-anak di Kebumen.;lainnya
Aksi begal di Jepara meresahkan pengguna jalan malam.;kriminal
Perbaikan jembatan di Wonogiri menyebabkan antrean panjang.;lalu_lintas
Jadwal SIM keliling hari ini berlokasi di balai kota Ungaran.;pelayanan
Demo mahasiswa di depan gedung DPRD Sragen berjalan damai.;sosial
Pasar tradisional di Surakarta mulai ramai pengunjung.;lainnya
Ditemukan korban pembunuhan di pinggir jalan Blora.;kriminal
Kecelakaan beruntun melibatkan bus di jalur Pati.;lalu_lintas
Ruang pelayanan di Polsek Surakarta kini lebih nyaman.;pelayanan
Demo mahasiswa di depan gedung DPRD Purworejo berjalan damai.;sosial
Pasar tradisional di Tegal mulai ramai pengunjung.;lainnya
Kasus penipuan online marak menyerang warga Jepara.;kriminal
Razia knalpot brong digelar serentak di wilayah Kebumen.;lalu_lintas
Sosialisasi aplikasi pelayanan publik Polri di Ungaran.;pelayanan
Penyuluhan bahaya radikalisme kepada pemuda desa Purbalingga.;sosial
Suasana sore hari yang tenang di alun-alun Brebes.;lainnya
Kasus penipuan online marak menyerang warga Demak.;kriminal
Perbaikan jembatan di Purworejo menyebabkan antrean panjang.;lalu_lintas
Masyarakat mengapresiasi kemudahan administrasi di Polres Wonogiri.;pelayanan
Pengamanan ibadah minggu di gereja-gereja wilayah Pemalang.;sosial
Suasana sore hari yang tenang di alun-alun Banyumas.;lainnya
Ditemukan korban pembunuhan di pinggir jalan Demak.;kriminal
Himbauan keselamatan berkendara di jalan raya Ungaran.;lalu_lintas
Persyaratan pembuatan SKCK di Polres Kudus cukup mudah.;pelayanan
Penyuluhan bahaya radikalisme kepada pemuda desa Kendal.;sosial
Kisah inspiratif polisi yang mengajar anak-anak di Purbalingga.;lainnya
Aksi begal di Magelang meresahkan pengguna jalan malam.;kriminal
Lalu lintas menuju Semarang macet total karena genangan air.;lalu_lintas
Persyaratan pembuatan SKCK di Polres Ungaran cukup mudah.;pelayanan
Kegiatan Jumat Berkah pembagian makanan di masjid Surakarta.;sosial
Cuaca hari ini diperkirakan hujan di seputar Tegal.;lainnya
Polisi berhasil menangkap pengedar narkoba di Brebes.;kriminal
Lalu lintas menuju Karanganyar macet total karena genangan air.;lalu_lintas
Sosialisasi aplikasi pelayanan publik Polri di Batang.;pelayanan
Bantuan sembako disalurkan polisi untuk korban banjir di Wonogiri.;sosial
Cuaca hari ini diperkirakan hujan di seputar Wonosobo.;lainnya
Ditemukan korban pembunuhan di pinggir jalan Purbalingga.;kriminal
Kecelakaan beruntun melibatkan bus di jalur Pemalang.;lalu_lintas
Panduan lapor kehilangan barang di wilayah Purworejo.;pelayanan
Penyuluhan bahaya radikalisme kepada pemuda desa Surakarta.;sosial
Kisah inspiratif polisi yang mengajar anak-anak di Kudus.;lainnya
Aksi begal di Cilacap meresahkan pengguna jalan malam.;kriminal
Kecelakaan beruntun melibatkan bus di jalur Temanggung.;lalu_lintas
Panduan lapor kehilangan barang di wilayah Karanganyar.;pelayanan
Kegiatan Jumat Berkah pembagian makanan di masjid Blora.;sosial
Kisah inspiratif polisi yang mengajar anak-anak di Purbalingga.;lainnya
Kasus penipuan online marak menyerang warga Wonogiri.;kriminal
Lampu merah di persimpangan Pati mati total.;lalu_lintas
Ruang pelayanan di Polsek Jepara kini lebih nyaman.;pelayanan
Bantuan sembako disalurkan polisi untuk korban banjir di Banjarnegara.;sosial
Suasana sore hari yang tenang di alun-alun Pati.;lainnya
Tim Resmob berhasil meringkus pelaku jambret di Wonogiri.;kriminal
Perbaikan jembatan di Sragen menyebabkan antrean panjang.;lalu_lintas
Panduan lapor kehilangan barang di wilayah Kendal.;pelayanan
Demo mahasiswa di depan gedung DPRD Purworejo berjalan damai.;sosial
Potret kebersamaan warga saat ronda malam di Surakarta.;lainnya
Kasus penipuan online marak menyerang warga Kudus.;kriminal
Lalu lintas menuju Blora macet total karena genangan air.;lalu_lintas
Jadwal SIM keliling hari ini berlokasi di balai kota Banyumas.;pelayanan
Bantuan sembako disalurkan polisi untuk korban banjir di Pemalang.;sosial
Kisah inspiratif polisi yang mengajar anak-anak di Kudus.;lainnya
Terjadi aksi pencurian motor di daerah Pati.;kriminal
Perbaikan jembatan di Jepara menyebabkan antrean panjang.;lalu_lintas
Masyarakat mengapresiasi kemudahan administrasi di Polres Temanggung.;pelayanan
Bantuan sembako disalurkan polisi untuk korban banjir di Klaten.;sosial
Cuaca hari ini diperkirakan hujan di seputar Pati.;lainnya
Ditemukan korban pembunuhan di pinggir jalan Blora.;kriminal
Lalu lintas menuju Batang macet total karena genangan air.;lalu_lintas
Jadwal SIM keliling hari ini berlokasi di balai kota Semarang.;pelayanan
Warga gotong royong bersama polisi membersihkan selokan Boyolali.;sosial
Kisah inspiratif polisi yang mengajar anak-anak di Wonogiri.;lainnya
Aksi begal di Demak meresahkan pengguna jalan malam.;kriminal
Himbauan keselamatan berkendara di jalan raya Grobogan.;lalu_lintas
Masyarakat mengapresiasi kemudahan administrasi di Polres Banyumas.;pelayanan
Bantuan sembako disalurkan polisi untuk korban banjir di Rembang.;sosial
Suasana sore hari yang tenang di alun-alun Banyumas.;lainnya
Kasus penipuan online marak menyerang warga Wonogiri.;kriminal
Lampu merah di persimpangan Kudus mati total.;lalu_lintas
Sosialisasi aplikasi pelayanan publik Polri di Wonosobo.;pelayanan
Demo mahasiswa di depan gedung DPRD Brebes berjalan damai.;sosial
Pasar tradisional di Temanggung mulai ramai pengunjung.;lainnya
Ditemukan korban pembunuhan di pinggir jalan Banyumas.;kriminal
Perbaikan jembatan di Kendal menyebabkan antrean panjang.;lalu_lintas
Sosialisasi aplikasi pelayanan publik Polri di Purbalingga.;pelayanan
Kegiatan Jumat Berkah pembagian makanan di masjid Karanganyar.;sosial
Event lari bersama warga di stadion Purwokerto berlangsung meriah.;lainnya
Tim Resmob berhasil meringkus pelaku jambret di Salatiga.;kriminal
Razia knalpot brong digelar serentak di wilayah Semarang.;lalu_lintas
Jadwal SIM keliling hari ini berlokasi di balai kota Blora.;pelayanan
Penyuluhan bahaya radikalisme kepada pemuda desa Jepara.;sosial
Pasar tradisional di Salatiga mulai ramai pengunjung.;lainnya
Terjadi aksi pencurian motor di daerah Salatiga.;kriminal
Perbaikan jembatan di Karanganyar menyebabkan antrean panjang.;lalu_lintas
Sosialisasi aplikasi pelayanan publik Polri di Brebes.;pelayanan
Pengamanan ibadah minggu di gereja-gereja wilayah Blora.;sosial
Cuaca hari ini diperkirakan hujan di seputar Pemalang.;lainnya
Kasus penipuan online marak menyerang warga Purworejo.;kriminal
Lalu lintas menuju Banjarnegara macet total karena genangan air.;lalu_lintas
Jadwal SIM keliling hari ini berlokasi di balai kota Purworejo.;pelayanan
Kegiatan Jumat Berkah pembagian makanan di masjid Grobogan.;sosial
Suasana sore hari yang tenang di alun-alun Sragen.;lainnya
Ditemukan korban pembunuhan di pinggir jalan Kebumen.;kriminal
Perbaikan jembatan di Jepara menyebabkan antrean panjang.;lalu_lintas
Ruang pelayanan di Polsek Salatiga kini lebih nyaman.;pelayanan
Demo mahasiswa di depan gedung DPRD Sragen berjalan damai.;sosial
Pasar tradisional di Ungaran mulai ramai pengunjung.;lainnya
Kasus penipuan online marak menyerang warga Sukoharjo.;kriminal
Himbauan keselamatan berkendara di jalan raya Purwokerto.;lalu_lintas
Masyarakat mengapresiasi kemudahan administrasi di Polres Wonosobo.;pelayanan
Bantuan sembako disalurkan polisi untuk korban banjir di Demak.;sosial
Potret kebersamaan warga saat ronda malam di Brebes.;lainnya
Aksi begal di Banjarnegara meresahkan pengguna jalan malam.;kriminal
Perbaikan jembatan di Purwokerto menyebabkan antrean panjang.;lalu_lintas
Persyaratan pembuatan SKCK di Polres Rembang cukup mudah.;pelayanan
Bantuan sembako disalurkan polisi untuk korban banjir di Magelang.;sosial
Suasana sore hari yang tenang di alun-alun Pemalang.;lainnya
Tim Resmob berhasil meringkus pelaku jambret di Purworejo.;kriminal
Lampu merah di persimpangan Banyumas mati total.;lalu_lintas
Persyaratan pembuatan SKCK di Polres Boyolali cukup mudah.;pelayanan
Demo mahasiswa di depan gedung DPRD Semarang berjalan damai.;sosial
Pasar tradisional di Batang mulai ramai pengunjung.;lainnya
Kasus penipuan online marak menyerang warga Solo.;kriminal
Lampu merah di persimpangan Kendal mati total.;lalu_lintas
Masyarakat mengapresiasi kemudahan administrasi di Polres Brebes.;pelayanan
Warga gotong royong bersama polisi membersihkan selokan Ungaran.;sosial
Potret kebersamaan warga saat ronda malam di Rembang.;lainnya
Terjadi aksi pencurian motor di daerah Purbalingga.;kriminal
Razia knalpot brong digelar serentak di wilayah Demak.;lalu_lintas
Panduan lapor kehilangan barang di wilayah Tegal.;pelayanan
Warga gotong royong bersama polisi membersihkan selokan Temanggung.;sosial
Pasar tradisional di Pati mulai ramai pengunjung.;lainnya
Tim Resmob berhasil meringkus pelaku jambret di Pekalongan.;kriminal
Perbaikan jembatan di Grobogan menyebabkan antrean panjang.;lalu_lintas
Jadwal SIM keliling hari ini berlokasi di balai kota Purwokerto.;pelayanan
Penyuluhan bahaya radikalisme kepada pemuda desa Sukoharjo.;sosial
Potret kebersamaan warga saat ronda malam di Banyumas.;lainnya
Aksi begal di Klaten meresahkan pengguna jalan malam.;kriminal
Perbaikan jembatan di Sukoharjo menyebabkan antrean panjang.;lalu_lintas
Ruang pelayanan di Polsek Banyumas kini lebih nyaman.;pelayanan
Penyuluhan bahaya radikalisme kepada pemuda desa Batang.;sosial
Potret kebersamaan warga saat ronda malam di Kebumen.;lainnya
Terjadi aksi pencurian motor di daerah Jepara.;kriminal
Perbaikan jembatan di Karanganyar menyebabkan antrean panjang.;lalu_lintas
Jadwal SIM keliling hari ini berlokasi di balai kota Purbalingga.;pelayanan
Penyuluhan bahaya radikalisme kepada pemuda desa Jepara.;sosial
Pasar tradisional di Magelang mulai ramai pengunjung.;lainnya
Aksi begal di Cilacap meresahkan pengguna jalan malam.;kriminal
Himbauan keselamatan berkendara di jalan raya Salatiga.;lalu_lintas
Masyarakat mengapresiasi kemudahan administrasi di Polres Boyolali.;pelayanan
Warga gotong royong bersama polisi membersihkan selokan Wonogiri.;sosial
Cuaca hari ini diperkirakan hujan di seputar Brebes.;lainnya
Terjadi aksi pencurian motor di daerah Purworejo.;kriminal
Kecelakaan beruntun melibatkan bus di jalur Purworejo.;lalu_lintas
Persyaratan pembuatan SKCK di Polres Temanggung cukup mudah.;pelayanan
Warga gotong royong bersama polisi membersihkan selokan Rembang.;sosial
Cuaca hari ini diperkirakan hujan di seputar Sragen.;lainnya
Kasus penipuan online marak menyerang warga Pekalongan.;kriminal
Perbaikan jembatan di Ungaran menyebabkan antrean panjang.;lalu_lintas
Persyaratan pembuatan SKCK di Polres Brebes cukup mudah.;pelayanan
Kegiatan Jumat Berkah pembagian makanan di masjid Semarang.;sosial
Event lari bersama warga di stadion Brebes berlangsung meriah.;lainnya
Aksi begal di Purworejo meresahkan pengguna jalan malam.;kriminal
Perbaikan jembatan di Purbalingga menyebabkan antrean panjang.;lalu_lintas
Sosialisasi aplikasi pelayanan publik Polri di Purworejo.;pelayanan
Warga gotong royong bersama polisi membersihkan selokan Brebes.;sosial
Cuaca hari ini diperkirakan hujan di seputar Ungaran.;lainnya
Terjadi aksi pencurian motor di daerah Temanggung.;kriminal
Razia knalpot brong digelar serentak di wilayah Purworejo.;lalu_lintas
Panduan lapor kehilangan barang di wilayah Banjarnegara.;pelayanan
Penyuluhan bahaya radikalisme kepada pemuda desa Banjarnegara.;sosial
Suasana sore hari yang tenang di alun-alun Pati.;lainnya
Polisi berhasil menangkap pengedar narkoba di Solo.;kriminal
Himbauan keselamatan berkendara di jalan raya Boyolali.;lalu_lintas
Sosialisasi aplikasi pelayanan publik Polri di Sukoharjo.;pelayanan
Warga gotong royong bersama polisi membersihkan selokan Jepara.;sosial
Potret kebersamaan warga saat ronda malam di Ungaran.;lainnya
Kasus penipuan online marak menyerang warga Karanganyar.;kriminal
Kecelakaan beruntun melibatkan bus di jalur Ungaran.;lalu_lintas
Panduan lapor kehilangan barang di wilayah Sukoharjo.;pelayanan
Penyuluhan bahaya radikalisme kepada pemuda desa Kendal.;sosial
Cuaca hari ini diperkirakan hujan di seputar Temanggung.;lainnya
Kasus penipuan online marak menyerang warga Boyolali.;kriminal
Lalu lintas menuju Karanganyar macet total karena genangan air.;lalu_lintas
Ruang pelayanan di Polsek Pekalongan kini lebih nyaman.;pelayanan
Penyuluhan bahaya radikalisme kepada pemuda desa Blora.;sosial
Cuaca hari ini diperkirakan hujan di seputar Demak.;lainnya
Polisi berhasil menangkap pengedar narkoba di Batang.;kriminal
Perbaikan jembatan di Banyumas menyebabkan antrean panjang.;lalu_lintas
Persyaratan pembuatan SKCK di Polres Kudus cukup mudah.;pelayanan
Warga gotong royong bersama polisi membersihkan selokan Jepara.;sosial
Suasana sore hari yang tenang di alun-alun Kebumen.;lainnya
Tim Resmob berhasil meringkus pelaku jambret di Demak.;kriminal
Lalu lintas menuju Purbalingga macet total karena genangan air.;lalu_lintas
Panduan lapor kehilangan barang di wilayah Surakarta.;pelayanan
Kegiatan Jumat Berkah pembagian makanan di masjid Boyolali.;sosial
Kisah inspiratif polisi yang mengajar anak-anak di Rembang.;lainnya
Tim Resmob berhasil meringkus pelaku jambret di Rembang.;kriminal
Lampu merah di persimpangan Kendal mati total.;lalu_lintas
Jadwal SIM keliling hari ini berlokasi di balai kota Purbalingga.;pelayanan
Kegiatan Jumat Berkah pembagian makanan di masjid Wonosobo.;sosial
Cuaca hari ini diperkirakan hujan di seputar Ungaran.;lainnya
Terjadi aksi pencurian motor di daerah Banjarnegara.;kriminal
Lampu merah di persimpangan Boyolali mati total.;lalu_lintas
Jadwal SIM keliling hari ini berlokasi di balai kota Rembang.;pelayanan
Demo mahasiswa di depan gedung DPRD Rembang berjalan damai.;sosial
Pasar tradisional di Sragen mulai ramai pengunjung.;lainnya
Aksi begal di Kebumen meresahkan pengguna jalan malam.;kriminal
Perbaikan jembatan di Purwokerto menyebabkan antrean panjang.;lalu_lintas
Masyarakat mengapresiasi kemudahan administrasi di Polres Sukoharjo.;pelayanan
Kegiatan Jumat Berkah pembagian makanan di masjid Kudus.;sosial
Event lari bersama warga di stadion Salatiga berlangsung meriah.;lainnya
Kasus penipuan online marak menyerang warga Sragen.;kriminal
Himbauan keselamatan berkendara di jalan raya Klaten.;lalu_lintas
Persyaratan pembuatan SKCK di Polres Kebumen cukup mudah.;pelayanan
Pengamanan ibadah minggu di gereja-gereja wilayah Tegal.;sosial
Event lari bersama warga di stadion Rembang berlangsung meriah.;lainnya
Kasus penipuan online marak menyerang warga Purworejo.;kriminal
Himbauan keselamatan berkendara di jalan raya Kendal.;lalu_lintas
Panduan lapor kehilangan barang di wilayah Banyumas.;pelayanan
Warga gotong royong bersama polisi membersihkan selokan Temanggung.;sosial
Potret kebersamaan warga saat ronda malam di Banyumas.;lainnya
Tim Resmob berhasil meringkus pelaku jambret di Banjarnegara.;kriminal
Kecelakaan beruntun melibatkan bus di jalur Temanggung.;lalu_lintas
Ruang pelayanan di Polsek Wonogiri kini lebih nyaman.;pelayanan
Demo mahasiswa di depan gedung DPRD Batang berjalan damai.;sosial
Pasar tradisional di Semarang mulai ramai pengunjung.;lainnya
Terjadi aksi pencurian motor di daerah Sragen.;kriminal
Perbaikan jembatan di Wonosobo menyebabkan antrean panjang.;lalu_lintas
Persyaratan pembuatan SKCK di Polres Wonogiri cukup mudah.;pelayanan
Demo mahasiswa di depan gedung DPRD Purwokerto berjalan damai.;sosial
Pasar tradisional di Banjarnegara mulai ramai pengunjung.;lainnya
Kasus penipuan online marak menyerang warga Sragen.;kriminal
Perbaikan jembatan di Purworejo menyebabkan antrean panjang.;lalu_lintas
Persyaratan pembuatan SKCK di Polres Pemalang cukup mudah.;pelayanan
Warga gotong royong bersama polisi membersihkan selokan Jepara.;sosial
Suasana sore hari yang tenang di alun-alun Salatiga.;lainnya
Kasus penipuan online marak menyerang warga Semarang.;kriminal
Perbaikan jembatan di Blora menyebabkan antrean panjang.;lalu_lintas
Sosialisasi aplikasi pelayanan publik Polri di Surakarta.;pelayanan
Demo mahasiswa di depan gedung DPRD Sragen berjalan damai.;sosial
Pasar tradisional di Pemalang mulai ramai pengunjung.;lainnya
Aksi begal di Rembang meresahkan pengguna jalan malam.;kriminal
Razia knalpot brong digelar serentak di wilayah Rembang.;lalu_lintas
Ruang pelayanan di Polsek Kebumen kini lebih nyaman.;pelayanan
Penyuluhan bahaya radikalisme kepada pemuda desa Klaten.;sosial
Suasana sore hari yang tenang di alun-alun Banjarnegara.;lainnya
Aksi begal di Banyumas meresahkan pengguna jalan malam.;kriminal
Kecelakaan beruntun melibatkan bus di jalur Blora.;lalu_lintas
Jadwal SIM keliling hari ini berlokasi di balai kota Solo.;pelayanan
Bantuan sembako disalurkan polisi untuk korban banjir di Pemalang.;sosial
Event lari bersama warga di stadion Wonosobo berlangsung meriah.;lainnya
Aksi begal di Wonogiri meresahkan pengguna jalan malam.;kriminal
Perbaikan jembatan di Solo menyebabkan antrean panjang.;lalu_lintas
Ruang pelayanan di Polsek Banjarnegara kini lebih nyaman.;pelayanan
Warga gotong royong bersama polisi membersihkan selokan Boyolali.;sosial
Cuaca hari ini diperkirakan hujan di seputar Jepara.;lainnya
Aksi begal di Sukoharjo meresahkan pengguna jalan malam.;kriminal
Lalu lintas menuju Tegal macet total karena genangan air.;lalu_lintas
Ruang pelayanan di Polsek Semarang kini lebih nyaman.;pelayanan
Pengamanan ibadah minggu di gereja-gereja wilayah Tegal.;sosial
Suasana sore hari yang tenang di alun-alun Kendal.;lainnya
Kasus penipuan online marak menyerang warga Boyolali.;kriminal
Razia knalpot brong digelar serentak di wilayah Pekalongan.;lalu_lintas
Ruang pelayanan di Polsek Jepara kini lebih nyaman.;pelayanan
Bantuan sembako disalurkan polisi untuk korban banjir di Pemalang.;sosial
Suasana sore hari yang tenang di alun-alun Magelang.;lainnya
Terjadi aksi pencurian motor di daerah Banjarnegara.;kriminal
Perbaikan jembatan di Brebes menyebabkan antrean panjang.;lalu_lintas
Persyaratan pembuatan SKCK di Polres Wonosobo cukup mudah.;pelayanan
Demo mahasiswa di depan gedung DPRD Pati berjalan damai.;sosial
Pasar tradisional di Jepara mulai ramai pengunjung.;lainnya
Ditemukan korban pembunuhan di pinggir jalan Jepara.;kriminal
Lampu merah di persimpangan Semarang mati total.;lalu_lintas
Panduan lapor kehilangan barang di wilayah Salatiga.;pelayanan
Penyuluhan bahaya radikalisme kepada pemuda desa Klaten.;sosial
Suasana sore hari yang tenang di alun-alun Tegal.;lainnya
Aksi begal di Tegal meresahkan pengguna jalan malam.;kriminal
Perbaikan jembatan di Ungaran menyebabkan antrean panjang.;lalu_lintas
Ruang pelayanan di Polsek Surakarta kini lebih nyaman.;pelayanan
Bantuan sembako disalurkan polisi untuk korban banjir di Jepara.;sosial
Cuaca hari ini diperkirakan hujan di seputar Purworejo.;lainnya
Tim Resmob berhasil meringkus pelaku jambret di Boyolali.;kriminal
Razia knalpot brong digelar serentak di wilayah Ungaran.;lalu_lintas
Panduan lapor kehilangan barang di wilayah Tegal.;pelayanan
Penyuluhan bahaya radikalisme kepada pemuda desa Klaten.;sosial
Potret kebersamaan warga saat ronda malam di Klaten.;lainnya
Terjadi aksi pencurian motor di daerah Grobogan.;kriminal
Kecelakaan beruntun melibatkan bus di jalur Kudus.;lalu_lintas
Ruang pelayanan di Polsek Purbalingga kini lebih nyaman.;pelayanan
Penyuluhan bahaya radikalisme kepada pemuda desa Solo.;sosial
Pasar tradisional di Grobogan mulai ramai pengunjung.;lainnya
Tim Resmob berhasil meringkus pelaku jambret di Surakarta.;kriminal
Himbauan keselamatan berkendara di jalan raya Solo.;lalu_lintas
Masyarakat mengapresiasi kemudahan administrasi di Polres Pekalongan.;pelayanan
Bantuan sembako disalurkan polisi untuk korban banjir di Cilacap.;sosial
Potret kebersamaan warga saat ronda malam di Sragen.;lainnya
Aksi begal di Surakarta meresahkan pengguna jalan malam.;kriminal
Kecelakaan beruntun melibatkan bus di jalur Boyolali.;lalu_lintas
Jadwal SIM keliling hari ini berlokasi di balai kota Kudus.;pelayanan
Kegiatan Jumat Berkah pembagian makanan di masjid Tegal.;sosial
Cuaca hari ini diperkirakan hujan di seputar Pemalang.;lainnya
Polisi berhasil menangkap pengedar narkoba di Surakarta.;kriminal
Himbauan keselamatan berkendara di jalan raya Cilacap.;lalu_lintas
Sosialisasi aplikasi pelayanan publik Polri di Pekalongan.;pelayanan
Bantuan sembako disalurkan polisi untuk korban banjir di Sukoharjo.;sosial
Pasar tradisional di Banyumas mulai ramai pengunjung.;lainnya
Ditemukan korban pembunuhan di pinggir jalan Ungaran.;kriminal
Kecelakaan beruntun melibatkan bus di jalur Grobogan.;lalu_lintas
Ruang pelayanan di Polsek Purwokerto kini lebih nyaman.;pelayanan
Demo mahasiswa di depan gedung DPRD Kudus berjalan damai.;sosial
Event lari bersama warga di stadion Jepara berlangsung meriah.;lainnya
Ditemukan korban pembunuhan di pinggir jalan Magelang.;kriminal
Lalu lintas menuju Jepara macet total karena genangan air.;lalu_lintas
Persyaratan pembuatan SKCK di Polres Purworejo cukup mudah.;pelayanan
Bantuan sembako disalurkan polisi untuk korban banjir di Banjarnegara.;sosial
Event lari bersama warga di stadion Blora berlangsung meriah.;lainnya
Tim Resmob berhasil meringkus pelaku jambret di Purbalingga.;kriminal
Razia knalpot brong digelar serentak di wilayah Batang.;lalu_lintas
Persyaratan pembuatan SKCK di Polres Sukoharjo cukup mudah.;pelayanan
Penyuluhan bahaya radikalisme kepada pemuda desa Brebes.;sosial
Cuaca hari ini diperkirakan hujan di seputar Boyolali.;lainnya
Kasus penipuan online marak menyerang warga Kudus.;kriminal
Lampu merah di persimpangan Pemalang mati total.;lalu_lintas
Jadwal SIM keliling hari ini berlokasi di balai kota Wonosobo.;pelayanan
Penyuluhan bahaya radikalisme kepada pemuda desa Batang.;sosial
Potret kebersamaan warga saat ronda malam di Kendal.;lainnya
Kasus penipuan online marak menyerang warga Grobogan.;kriminal
Lalu lintas menuju Boyolali macet total karena genangan air.;lalu_lintas
Persyaratan pembuatan SKCK di Polres Batang cukup mudah.;pelayanan
Bantuan sembako disalurkan polisi untuk korban banjir di Karanganyar.;sosial
Suasana sore hari yang tenang di alun-alun Pekalongan.;lainnya
Polisi berhasil menangkap pengedar narkoba di Demak.;kriminal
Lampu merah di persimpangan Purworejo mati total.;lalu_lintas
Masyarakat mengapresiasi kemudahan administrasi di Polres Purbalingga.;pelayanan
Pengamanan ibadah minggu di gereja-gereja wilayah Sragen.;sosial
Suasana sore hari yang tenang di alun-alun Blora.;lainnya
Polisi berhasil menangkap pengedar narkoba di Kebumen.;kriminal
Lampu merah di persimpangan Banjarnegara mati total.;lalu_lintas
Persyaratan pembuatan SKCK di Polres Batang cukup mudah.;pelayanan
Penyuluhan bahaya radikalisme kepada pemuda desa Salatiga.;sosial
Potret kebersamaan warga saat ronda malam di Purwokerto.;lainnya
Terjadi aksi pencurian motor di daerah Ungaran.;kriminal
Razia knalpot brong digelar serentak di wilayah Kendal.;lalu_lintas
Ruang pelayanan di Polsek Magelang kini lebih nyaman.;pelayanan
Penyuluhan bahaya radikalisme kepada pemuda desa Ungaran.;sosial
Kisah inspiratif polisi yang mengajar anak-anak di Boyolali.;lainnya
Ditemukan korban pembunuhan di pinggir jalan Jepara.;kriminal
Perbaikan jembatan di Kudus menyebabkan antrean panjang.;lalu_lintas
Sosialisasi aplikasi pelayanan publik Polri di Purbalingga.;pelayanan
Warga gotong royong bersama polisi membersihkan selokan Sragen.;sosial
Suasana sore hari yang tenang di alun-alun Jepara.;lainnya